Location,STATION,NAME,DATE,CDSD,DSND,DSNW,EMNT,EMSD,EMSN,EMXP,EMXT,HDSD,PRCP,SNOW,TAVG,TMAX,TMIN
Havre,USW00024035,"HAVRE WEATHER BUREAU CITY, MT US",1949,517,96,13,-34,9,5.8,1.28,106,8673,8.91,36.8,42.7,55.9,29.4
Havre,USW00024035,"HAVRE WEATHER BUREAU CITY, MT US",1950,276,100,17,-39,16,4,1.35,98,9429,13.53,43.7,39.5,51.4,27.6
Havre,USW00024035,"HAVRE WEATHER BUREAU CITY, MT US",1951,312,106,20,-30,9,4.5,1.43,103,9119,17.08,53,39.1,50.7,27.5
Havre,USW00024035,"HAVRE WEATHER BUREAU CITY, MT US",1952,294,122,16,-31,16,4.2,0.83,98,9105,7.37,41.1,43.1,55.7,30.6
Havre,USW00024035,"HAVRE WEATHER BUREAU CITY, MT US",1953,395,30,16,-15,3,2.7,1.35,104,7746,14.04,36,46.6,59.3,33.8
Havre,USW00024035,"HAVRE WEATHER BUREAU CITY, MT US",1954,373,54,20,-43,11,6.1,1.13,101,7805,13.96,44.9,44.3,55.9,32.8
Havre,USW00024035,"HAVRE WEATHER BUREAU CITY, MT US",1955,382,113,16,-27,27,15,1.3,101,7877,16.04,70.9,40.2,52.5,28
Havre,USW00024035,"HAVRE WEATHER BUREAU CITY, MT US",1956,406,66,8,-32,5,4.9,0.99,98,9287,9.36,27.3,43.7,56.1,31.2
Havre,USW00024035,"HAVRE WEATHER BUREAU CITY, MT US",1957,436,78,14,-37,15,6,0.91,99,8175,11.7,41.4,43.8,55.4,32.2
Havre,USW00024035,"HAVRE WEATHER BUREAU CITY, MT US",1958,464,74,20,-18,11,7,1.13,97,7464,11.19,56.5,44.9,57.1,32.8
Havre,USW00024035,"HAVRE WEATHER BUREAU CITY, MT US",1959,380,68,16,-25,8,4.5,2.02,99,8400,13.37,37.7,42.6,54.3,30.8
Havre,USW00024035,"HAVRE WEATHER BUREAU CITY, MT US",1960,543,77,14,-24,7,7,0.81,105,8311,10.71,42.4,44,56.5,31.5
Havre,USW00024035,"HAVRE WEATHER BUREAU CITY, MT US",1961,,,,,,,,,,,,,,
Havre,USW00094012,"HAVRE AIRPORT ASOS, MT US",1962,262,48,3,-30,4,2.5,1.66,96,9156,11.63,11.5,43.3,56.5,30.2
Havre,USW00094012,"HAVRE AIRPORT ASOS, MT US",1963,513,52,14,-33,7,2.6,0.59,104,7625,9.54,27.9,44.9,58.4,31.5
Havre,USW00094012,"HAVRE AIRPORT ASOS, MT US",1964,343,64,13,-31,11,4,0.84,102,7636,12.18,34.1,42.1,54.8,29.5
Havre,USW00094012,"HAVRE AIRPORT ASOS, MT US",1965,288,125,17,-20,11,5.2,1.91,96,10103,18.15,42.4,39.3,50.9,27.6
Havre,USW00094012,"HAVRE AIRPORT ASOS, MT US",1966,393,118,13,-29,7,4,0.72,98,9294,8.25,37.9,40.7,53.3,28
Havre,USW00094012,"HAVRE AIRPORT ASOS, MT US",1967,496,86,18,-23,15,15.6,1.13,101,9034,8.3,66.6,42.8,55.6,30
Havre,USW00094012,"HAVRE AIRPORT ASOS, MT US",1968,243,58,14,-46,7,2.9,2.26,98,8022,13.04,34.7,41.9,55,28.8
Havre,USW00094012,"HAVRE AIRPORT ASOS, MT US",1969,406,89,13,-52,23,6.1,0.77,110,10127,8.35,40.6,39.8,53.4,26.1
Havre,USW00094012,"HAVRE AIRPORT ASOS, MT US",1970,498,118,16,-35,8,4.8,2.04,106,8570,11.85,53.7,40.6,53.8,27.4
Havre,USW00094012,"HAVRE AIRPORT ASOS, MT US",1971,525,98,16,-30,21,10.8,0.82,105,9146,8.08,63.7,41.8,54.9,28.7
Havre,USW00094012,"HAVRE AIRPORT ASOS, MT US",1972,471,107,23,-36,10,4.6,0.7,100,9160,9.89,57.4,41.2,53.7,28.6
Havre,USW00094012,"HAVRE AIRPORT ASOS, MT US",1973,447,62,15,-20,11,14,1.49,105,8146,11.74,52.1,44.5,57.8,31.2
Havre,USW00094012,"HAVRE AIRPORT ASOS, MT US",1974,443,45,10,-37,6,3.9,1.77,103,8133,12.45,28.4,45.3,59.1,31.6
Havre,USW00094012,"HAVRE AIRPORT ASOS, MT US",1975,337,91,23,-27,22,11.3,1.26,106,8546,18.28,78.5,41.6,53.8,29.4
Havre,USW00094012,"HAVRE AIRPORT ASOS, MT US",1976,479,47,8,-25,6,5.6,0.54,102,7384,8.22,23,46.5,60.5,32.6
Havre,USW00094012,"HAVRE AIRPORT ASOS, MT US",1977,356,93,17,-37,27,20,1.38,101,7448,12.63,73.6,43.9,57.7,30.1
Havre,USW00094012,"HAVRE AIRPORT ASOS, MT US",1978,336,142,27,-31,28,6.5,0.97,102,9136,15.86,74,40.4,52.1,28.7
Havre,USW00094012,"HAVRE AIRPORT ASOS, MT US",1979,491,82,16,-42,22,7,0.94,101,9884,8.86,46.4,41.8,55.3,28.3
Havre,USW00094012,"HAVRE AIRPORT ASOS, MT US",1980,317,51,14,-31,7,4.9,0.98,99,7503,11.42,36.1,44.1,57.3,30.8
Havre,USW00094012,"HAVRE AIRPORT ASOS, MT US",1981,330,,,-27,,,1.05,103,7372,10.08,,45.8,59.1,32.5
Havre,USW00094012,"HAVRE AIRPORT ASOS, MT US",1982,258,102,29,-37,14,20.7,1.84,94,9312,15.02,100.4,39.3,51.2,27.4
Havre,USW00094012,"HAVRE AIRPORT ASOS, MT US",1983,408,60,10,-50,10,4.2,2.15,107,7766,12.64,29.7,42.9,55.5,30.3
Havre,USW00094012,"HAVRE AIRPORT ASOS, MT US",1984,496,71,21,-36,9,3.7,0.5,105,8428,7.03,48.8,43.3,56,30.6
Havre,USW00094012,"HAVRE AIRPORT ASOS, MT US",1985,368,111,17,-33,10,8.6,1.12,102,9069,11.18,52.9,40.4,52.8,28.1
Havre,USW00094012,"HAVRE AIRPORT ASOS, MT US",1986,280,55,12,-30,10,5.4,1.95,97,8691,17.38,36.9,44.4,55.9,32.9
Havre,USW00094012,"HAVRE AIRPORT ASOS, MT US",1987,295,23,7,-19,8,6,1.92,100,7158,8.26,20.2,46.6,60.7,32.5
Havre,USW00094012,"HAVRE AIRPORT ASOS, MT US",1988,576,39,7,-28,7,6,0.59,103,7386,6.41,28.7,46.1,60.3,31.9
Havre,USW00094012,"HAVRE AIRPORT ASOS, MT US",1989,351,96,20,-45,13,7.4,1.16,100,8630,16.22,58,41.9,53.7,30.1
Havre,USW00094012,"HAVRE AIRPORT ASOS, MT US",1990,471,47,10,-37,7,4.1,0.65,103,7810,6.71,29.7,44.7,57.9,31.5
Havre,USW00094012,"HAVRE AIRPORT ASOS, MT US",1991,396,52,12,-35,11,8,1.37,102,7886,13.06,42.3,44.7,57.3,32.1
Havre,USW00094012,"HAVRE AIRPORT ASOS, MT US",1992,238,33,10,-30,6,4,1.41,97,7042,12.72,26,45.2,58.7,31.8
Havre,USW00094012,"HAVRE AIRPORT ASOS, MT US",1993,125,78,13,-27,9,3.4,1.7,100,8925,15.39,35.1,41.2,53.2,29.1
Havre,USW00094012,"HAVRE AIRPORT ASOS, MT US",1994,395,85,20,-44,18,6.2,1.1,100,8580,10.49,59,43.2,56.7,29.7
Havre,USW00094012,"HAVRE AIRPORT ASOS, MT US",1995,194,82,13,-23,6,4.5,1.54,95,8210,16.62,38.9,41.5,54.2,28.8
Havre,USW00094012,"HAVRE AIRPORT ASOS, MT US",1996,364,114,16,-41,10,6.1,1.23,100,9351,9.91,54.1,39.1,51.7,26.5
Havre,USW00094012,"HAVRE AIRPORT ASOS, MT US",1997,358,,,-41,,,0.55,101,9127,6.65,,43.8,57.3,30.3
Havre,USW00094012,"HAVRE AIRPORT ASOS, MT US",1998,598,56,11,-32,6,4.8,1.37,101,7692,11.19,29.9,45.5,59,32
Havre,USW00094012,"HAVRE AIRPORT ASOS, MT US",1999,301,,,-13,,,1.51,102,7445,11.67,,45.8,58.9,32.8
Havre,USW00094012,"HAVRE AIRPORT ASOS, MT US",2000,414,,,-30,,,0.96,102,7563,7.77,,42.9,57.3,28.6
Havre,USW00094012,"HAVRE AIRPORT ASOS, MT US",2001,748,,,-23,,,1.33,109,8219,6.97,,46.3,61.1,31.6
Havre,USW00094012,"HAVRE AIRPORT ASOS, MT US",2002,327,,,-27,,,1.38,98,8458,13.73,,42.1,55,29.2
Havre,USW00094012,"HAVRE AIRPORT ASOS, MT US",2003,649,,,-31,,,1,105,8103,9.84,,43.9,57.1,30.7
Havre,USW00094012,"HAVRE AIRPORT ASOS, MT US",2004,252,,,-33,,,1.06,103,8485,11.53,,43.1,55.8,30.5
Havre,USW00094012,"HAVRE AIRPORT ASOS, MT US",2005,330,50,12,-34,9,4.8,1.05,103,7897,11.22,32.3,43.9,57.8,30
Havre,USW00094012,"HAVRE AIRPORT ASOS, MT US",2006,564,43,10,-21,6,5,1.11,101,7382,8.65,32.7,46,59.7,32.4
Havre,USW00094012,"HAVRE AIRPORT ASOS, MT US",2007,585,39,13,-28,7,3.5,0.98,106,7851,12.13,29.3,45.2,58.7,31.7
Havre,USW00094012,"HAVRE AIRPORT ASOS, MT US",2008,289,46,16,-33,8,4,0.85,99,8307,11.96,34.8,42.2,56.4,28.1
Havre,USW00094012,"HAVRE AIRPORT ASOS, MT US",2009,301,92,15,-35,19,4.7,0.75,99,8814,8.78,40.6,41.2,54.7,27.7
Havre,USW00094012,"HAVRE AIRPORT ASOS, MT US",2010,224,123,16,-37,15,12,0.98,103,9092,14.85,60.8,40.2,52.7,27.6
Havre,USW00094012,"HAVRE AIRPORT ASOS, MT US",2011,353,80,16,-42,17,6,1.04,100,9453,12.28,37.8,42.5,55.3,29.7
Havre,USW00094012,"HAVRE AIRPORT ASOS, MT US",2012,492,51,11,-25,12,11.9,1.76,100,7090,12.85,40.2,45.4,59.5,31.4
Havre,USW00094012,"HAVRE AIRPORT ASOS, MT US",2013,429,89,18,-39,13,10.2,1.77,99,8082,19.2,51.7,43.5,56.3,30.6
Havre,USW00094012,"HAVRE AIRPORT ASOS, MT US",2014,387,54,11,-25,7,3,0.95,98,8609,11.74,23.2,43.2,56,30.4
Havre,USW00094012,"HAVRE AIRPORT ASOS, MT US",2015,403,47,13,-22,9,2.5,1.56,103,7440,12.22,24.5,45.5,59.2,31.8
Havre,USW00094012,"HAVRE AIRPORT ASOS, MT US",2016,332,50,9,-31,5,5,1.34,97,7164,19.3,21.7,45.7,58.4,33.1
Havre,USW00094012,"HAVRE AIRPORT ASOS, MT US",2017,506,80,25,-31,13,9.1,1.19,103,7911,8.11,56.2,44.3,57.7,30.8
Havre,USW00094012,"HAVRE AIRPORT ASOS, MT US",2018,402,107,22,-36,26,7,0.57,105,9277,9.91,60.4,41,53.7,28.3
Havre,USW00094012,"HAVRE AIRPORT ASOS, MT US",2019,301,100,22,-41,13,6.4,0.65,100,9042,12.37,76.1,39.9,52.5,27.2
Bozeman,USC00241044,"BOZEMAN MONTANA STATE UNIVERSITY, MT US",1949,197,,28,-36,,7.5,0.83,95,8703,17.14,81.1,42.3,55.2,29.5
Bozeman,USC00241044,"BOZEMAN MONTANA STATE UNIVERSITY, MT US",1950,,,,,,,,,8195,,,,,
Bozeman,USC00241044,"BOZEMAN MONTANA STATE UNIVERSITY, MT US",1951,148,,33,-31,,6,1.53,96,,20.2,96.5,40,52,28
Bozeman,USC00241044,"BOZEMAN MONTANA STATE UNIVERSITY, MT US",1952,166,148,,-21,21,,2.06,92,8800,19.59,,43.1,55.7,30.5
Bozeman,USC00241044,"BOZEMAN MONTANA STATE UNIVERSITY, MT US",1953,262,87,,-6,11,,1.49,94,7564,16.41,,46.1,57.8,34.3
Bozeman,USC00241044,"BOZEMAN MONTANA STATE UNIVERSITY, MT US",1954,250,,17,-25,,12,1.18,93,7405,12.72,56.8,44.4,56.3,32.5
Bozeman,USC00241044,"BOZEMAN MONTANA STATE UNIVERSITY, MT US",1955,289,154,34,-26,24,14,1.1,94,8515,19.1,114.3,40.7,52.1,29.2
Bozeman,USC00241044,"BOZEMAN MONTANA STATE UNIVERSITY, MT US",1956,203,,,-29,,,0.6,89,8452,11.24,,43.4,55.3,31.5
Bozeman,USC00241044,"BOZEMAN MONTANA STATE UNIVERSITY, MT US",1957,208,,,-30,,,1.13,93,8249,16.52,,42.8,54.4,31.1
Bozeman,USC00241044,"BOZEMAN MONTANA STATE UNIVERSITY, MT US",1958,175,,33,-8,,10,0.87,91,7509,18.14,80,44.9,56.9,33
Bozeman,USC00241044,"BOZEMAN MONTANA STATE UNIVERSITY, MT US",1959,227,,27,-26,,7,1.27,93,7872,19.61,90.6,43.1,55,31
Bozeman,USC00241044,"BOZEMAN MONTANA STATE UNIVERSITY, MT US",1960,288,129,34,-17,12,8,0.71,98,8396,14.64,94.3,43.2,56.1,30.4
Bozeman,USC00241044,"BOZEMAN MONTANA STATE UNIVERSITY, MT US",1961,380,116,31,-23,7,8.5,0.95,99,7253,16.15,88.7,44.8,57.4,32.2
Bozeman,USC00241044,"BOZEMAN MONTANA STATE UNIVERSITY, MT US",1962,120,129,23,-30,22,7.2,1.45,89,8614,20,71.4,43.4,55.6,31.2
Bozeman,USC00241044,"BOZEMAN MONTANA STATE UNIVERSITY, MT US",1963,,,,,,,,,7598,,,,,
Bozeman,USC00241044,"BOZEMAN MONTANA STATE UNIVERSITY, MT US",1964,230,152,37,-29,12,13,1.33,93,,19.89,115.4,43.1,55.6,30.7
Bozeman,USC00241044,"BOZEMAN MONTANA STATE UNIVERSITY, MT US",1965,114,110,31,-13,14,11,1.38,90,8081,19.23,91.9,43,55.1,31
Bozeman,USC00241044,"BOZEMAN MONTANA STATE UNIVERSITY, MT US",1966,271,103,34,-14,11,8.5,1.13,93,7795,14.67,89.1,44.7,57.3,32.1
Bozeman,USC00241047,"BOZEMAN 6 W EXPERIMENTAL FARM, MT US",1967,134,99,31,-20,10,6,0.97,92,,16.71,83.5,43.1,55.5,30.6
Bozeman,USC00241047,"BOZEMAN 6 W EXPERIMENTAL FARM, MT US",1968,78,,28,-29,,6,0.78,90,8109,17.91,63.9,42,54.7,29.3
Bozeman,USC00241047,"BOZEMAN 6 W EXPERIMENTAL FARM, MT US",1969,189,112,29,-30,13,8,1.78,100,8904,19.81,61.6,41.9,55.6,28.2
Bozeman,USC00241047,"BOZEMAN 6 W EXPERIMENTAL FARM, MT US",1970,250,78,26,-24,6,5.5,1.15,95,7904,18.85,60.4,43.2,55.7,30.6
Bozeman,USC00241047,"BOZEMAN 6 W EXPERIMENTAL FARM, MT US",1971,169,97,32,-23,10,8,1.32,92,8217,14.24,72.4,42.6,55.2,30
Bozeman,USC00241047,"BOZEMAN 6 W EXPERIMENTAL FARM, MT US",1972,96,88,23,-28,6,6.1,0.64,91,8078,15.48,59.4,42.7,55.5,29.9
Bozeman,USC00241047,"BOZEMAN 6 W EXPERIMENTAL FARM, MT US",1973,123,117,31,-30,12,7,1.03,93,8834,15.98,91.5,42.3,55.3,29.2
Bozeman,USC00241047,"BOZEMAN 6 W EXPERIMENTAL FARM, MT US",1974,149,84,22,-30,8,6,1.18,91,7912,13.29,51,43.7,57.1,30.4
Bozeman,USC00241047,"BOZEMAN 6 W EXPERIMENTAL FARM, MT US",1975,112,164,48,-22,12,6,0.97,92,8728,21.49,109.6,40.7,53.4,27.9
Bozeman,USC00241047,"BOZEMAN 6 W EXPERIMENTAL FARM, MT US",1976,99,93,18,-20,9,4.1,0.88,92,7939,14.34,40.6,44.2,57.6,30.7
Bozeman,USC00241047,"BOZEMAN 6 W EXPERIMENTAL FARM, MT US",1977,124,97,25,-23,9,5.5,0.96,91,7653,17.32,58.9,43.5,56.6,30.4
Bozeman,USC00241044,"BOZEMAN MONTANA STATE UNIVERSITY, MT US",1978,233,136,31,-28,12,7,1.57,92,7760,20.35,77.7,43.1,54.9,31.3
Bozeman,USC00241047,"BOZEMAN 6 W EXPERIMENTAL FARM, MT US",1979,140,115,27,-31,20,10.9,1.79,93,9159,12.88,69.9,42.5,56.1,29
Bozeman,USC00241047,"BOZEMAN 6 W EXPERIMENTAL FARM, MT US",1980,79,129,22,-32,15,11,1.92,90,7911,18.5,77.4,43.5,56.6,30.4
Bozeman,USC00241047,"BOZEMAN 6 W EXPERIMENTAL FARM, MT US",1981,142,68,20,-30,7,5,1.61,95,7298,19.23,51.4,45.1,58.3,31.9
Bozeman,USC00241047,"BOZEMAN 6 W EXPERIMENTAL FARM, MT US",1982,114,135,33,-24,10,6.8,1.1,90,7880,18.84,94.8,41.4,53.9,28.9
Bozeman,USC00241047,"BOZEMAN 6 W EXPERIMENTAL FARM, MT US",1983,177,64,15,-39,11,7,1.17,95,7949,20.18,47,43.1,55.6,30.6
Bozeman,USC00241047,"BOZEMAN 6 W EXPERIMENTAL FARM, MT US",1984,130,112,21,-21,9,5.4,1.56,90,8378,15.81,62.2,42.8,55.1,30.5
Bozeman,USC00241047,"BOZEMAN 6 W EXPERIMENTAL FARM, MT US",1985,227,143,20,-30,13,7.8,0.58,95,8528,11.68,54.9,40.8,54.3,27.4
Bozeman,USC00241047,"BOZEMAN 6 W EXPERIMENTAL FARM, MT US",1986,141,94,18,-22,16,6,0.91,93,8180,17.15,50,44.5,57.4,31.7
Bozeman,USC00241047,"BOZEMAN 6 W EXPERIMENTAL FARM, MT US",1987,99,64,14,-16,6,5,0.84,91,7508,15.58,33.1,45.2,59.1,31.4
Bozeman,USC00241047,"BOZEMAN 6 W EXPERIMENTAL FARM, MT US",1988,294,109,23,-14,8,8,2.18,94,7664,14.2,57.6,45.1,59,31.3
Bozeman,USC00241047,"BOZEMAN 6 W EXPERIMENTAL FARM, MT US",1989,145,109,25,-35,11,6.8,0.8,93,8391,16.83,67.5,42.2,55.3,29
Bozeman,USC00241047,"BOZEMAN 6 W EXPERIMENTAL FARM, MT US",1990,190,93,24,-31,13,9,0.84,98,7767,15.46,75.9,44,57.5,30.6
Bozeman,USC00241047,"BOZEMAN 6 W EXPERIMENTAL FARM, MT US",1991,227,73,14,-18,11,16,0.87,93,7738,16.04,65.6,44.5,57.2,31.7
Bozeman,USC00241047,"BOZEMAN 6 W EXPERIMENTAL FARM, MT US",1992,,62,17,-23,10,4,1.93,,,19.13,40.9,,,31.8
Bozeman,USC00241047,"BOZEMAN 6 W EXPERIMENTAL FARM, MT US",1993,31,112,23,-18,18,9,2.08,91,8521,21.37,66.5,41.3,53.8,28.7
Bozeman,USC00241044,"BOZEMAN MONTANA STATE UNIVERSITY, MT US",1994,334,127,28,-20,13,8,1.81,93,,17.81,86.6,46.5,59.4,33.6
Bozeman,USC00241047,"BOZEMAN 6 W EXPERIMENTAL FARM, MT US",1995,,,27,-17,,8,1.65,,,20.22,80.4,,,30.9
Bozeman,USC00241044,"BOZEMAN MONTANA STATE UNIVERSITY, MT US",1996,339,128,40,-24,28,14,1.04,94,,18.17,118.8,43.6,55.8,31.4
Bozeman,USC00241047,"BOZEMAN 6 W EXPERIMENTAL FARM, MT US",1997,106,,19,-25,,10,1.05,90,,21.17,72.5,43.8,57,30.6
Bozeman,USC00241047,"BOZEMAN 6 W EXPERIMENTAL FARM, MT US",1998,323,,0,-23,,0,0.97,97,7540,15.72,0,45.6,59.2,32.1
Bozeman,USC00241047,"BOZEMAN 6 W EXPERIMENTAL FARM, MT US",1999,231,0,0,-1,0,0,0.66,97,6802,12,0,46.2,60.3,32
Bozeman,USC00241047,"BOZEMAN 6 W EXPERIMENTAL FARM, MT US",2000,287,,,-19,,,0.8,101,6642,16.35,,44.7,59,30.5
Bozeman,USC00241047,"BOZEMAN 6 W EXPERIMENTAL FARM, MT US",2001,,,0,-16,,0,2.54,,8048,11.51,0,,,31.3
Bozeman,USC00241044,"BOZEMAN MONTANA STATE UNIVERSITY, MT US",2002,224,97,25,-15,11,8.2,1.87,100,7628,17.96,63.1,43.4,57.1,29.6
Bozeman,USC00241047,"BOZEMAN 6 W EXPERIMENTAL FARM, MT US",2003,339,,0,-27,,0,0.81,100,7213,13.7,0,45,59.4,30.7
Bozeman,USC00241047,"BOZEMAN 6 W EXPERIMENTAL FARM, MT US",2004,177,,0,-27,,0,0.95,95,7409,15.11,0,45.1,58.6,31.6
Bozeman,USC00241047,"BOZEMAN 6 W EXPERIMENTAL FARM, MT US",2005,,,,-20,,,,,,,,,,31.2
Bozeman,USC00241047,"BOZEMAN 6 W EXPERIMENTAL FARM, MT US",2006,258,,,-23,,,1.45,98,7264,15.07,,45.4,59.1,31.6
Bozeman,USC00241047,"BOZEMAN 6 W EXPERIMENTAL FARM, MT US",2007,428,,,-19,,,1.05,101,7247,17.82,,45.5,58.5,32.4
Bozeman,USC00241047,"BOZEMAN 6 W EXPERIMENTAL FARM, MT US",2008,207,,,-22,,,0.74,96,7632,15.41,,43.5,56.4,30.7
Bozeman,USC00241047,"BOZEMAN 6 W EXPERIMENTAL FARM, MT US",2009,202,,4,-23,,16.2,1.1,91,7563,17.42,22.2,43.6,55.8,31.3
Bozeman,USC00241047,"BOZEMAN 6 W EXPERIMENTAL FARM, MT US",2010,157,,0,-17,,0,0.78,95,8163,17.92,0,43.6,55.7,31.5
Bozeman,USC00241047,"BOZEMAN 6 W EXPERIMENTAL FARM, MT US",2011,208,,,-16,,,,93,8115,,,44,56,32.1
Bozeman,USC00241047,"BOZEMAN 6 W EXPERIMENTAL FARM, MT US",2012,359,,,-4,,,,96,6808,,,47.1,60.1,34.1
Bozeman,USC00241044,"BOZEMAN MONTANA STATE UNIVERSITY, MT US",2013,266,121,18,-22,11,6,1.54,92,7410,18.17,57.5,44.3,55.9,32.6
Bozeman,USC00241047,"BOZEMAN 6 W EXPERIMENTAL FARM, MT US",2014,188,,,-25,,,1.03,90,7783,17.43,,44.3,56.1,32.5
Bozeman,USC00241047,"BOZEMAN 6 W EXPERIMENTAL FARM, MT US",2015,246,,,-10,,,0.72,96,6554,13.99,,46.8,59.1,34.5
Bozeman,USC00241044,"BOZEMAN MONTANA STATE UNIVERSITY, MT US",2016,269,84,23,-25,13,5.1,0.75,92,7027,18.59,62.8,46.1,58,34.2
Bozeman,USC00241047,"BOZEMAN 6 W EXPERIMENTAL FARM, MT US",2017,351,,,-16,,,1.27,93,,17.56,,44.6,56.8,32.4
Bozeman,USC00241047,"BOZEMAN 6 W EXPERIMENTAL FARM, MT US",2018,172,,,-12,,,1.56,97,7946,17.69,,43.7,55.6,31.8
Bozeman,USC00241047,"BOZEMAN 6 W EXPERIMENTAL FARM, MT US",2019,163,,,-26,,,0.78,93,8696,18.93,,41.2,52.7,29.8
Huntley,USC00244345,"HUNTLEY EXPERIMENTAL STATION, MT US",1949,400,,,-39,,,0.99,104,8205,11.85,,43.3,58.5,28.1
Huntley,USC00244345,"HUNTLEY EXPERIMENTAL STATION, MT US",1950,252,,,-34,,,1.01,99,8453,12.7,,41.7,55,28.4
Huntley,USC00244345,"HUNTLEY EXPERIMENTAL STATION, MT US",1951,379,,,-32,,,1.07,101,8341,13.28,,41.5,55.1,28
Huntley,USC00244345,"HUNTLEY EXPERIMENTAL STATION, MT US",1952,,,,,,,,,,,,,,
Huntley,USC00244345,"HUNTLEY EXPERIMENTAL STATION, MT US",1953,401,,,-8,,,0.67,101,6930,9.27,,48.3,63.1,33.5
Huntley,USC00244345,"HUNTLEY EXPERIMENTAL STATION, MT US",1954,412,,,-37,,,0.78,103,7139,7.49,,45.5,59.8,31.2
Huntley,USC00244345,"HUNTLEY EXPERIMENTAL STATION, MT US",1955,454,89,,-28,13,,1.13,101,7388,15.04,,42.9,56.8,29
Huntley,USC00244345,"HUNTLEY EXPERIMENTAL STATION, MT US",1956,473,92,15,-32,10,4,0.44,103,8487,8.47,34.5,45.3,59.6,31
Huntley,USC00244345,"HUNTLEY EXPERIMENTAL STATION, MT US",1957,447,54,15,-39,7,8,1.44,100,7656,15.57,38.8,44.9,57.8,31.9
Huntley,USC00244345,"HUNTLEY EXPERIMENTAL STATION, MT US",1958,385,62,22,-13,10,5,0.97,100,6854,11.98,52,46.4,60.1,32.7
Huntley,USC00244345,"HUNTLEY EXPERIMENTAL STATION, MT US",1959,479,89,14,-33,13,12,0.68,101,7855,9.53,41.3,44.1,57.6,30.6
Huntley,USC00244345,"HUNTLEY EXPERIMENTAL STATION, MT US",1960,524,48,12,-22,4,4,0.78,104,7698,8.13,24,45.8,60.3,31.2
Huntley,USC00244345,"HUNTLEY EXPERIMENTAL STATION, MT US",1961,668,55,10,-20,6,6,1.82,105,6363,12.06,20.3,48.2,63.2,33.2
Huntley,USC00244345,"HUNTLEY EXPERIMENTAL STATION, MT US",1962,304,,13,-35,,4,1.28,99,7734,13.68,32.7,46.9,61.6,32.2
Huntley,USC00244345,"HUNTLEY EXPERIMENTAL STATION, MT US",1963,576,,,-32,,,1.58,100,6528,12.41,,48.3,63.3,33.3
Huntley,USC00244345,"HUNTLEY EXPERIMENTAL STATION, MT US",1964,477,,,-37,,,1.79,103,6544,16.46,,46.1,60.9,31.3
Huntley,USC00244345,"HUNTLEY EXPERIMENTAL STATION, MT US",1965,344,,17,-29,,6,1.11,102,8011,14.58,43.1,44.9,59.2,30.6
Huntley,USC00244345,"HUNTLEY EXPERIMENTAL STATION, MT US",1966,537,,,-27,,,2.21,101,7787,10.37,,44.4,58.8,30
Huntley,USC00244345,"HUNTLEY EXPERIMENTAL STATION, MT US",1967,460,,,-24,,,1.52,97,7291,14.95,,47.1,61.4,32.8
Huntley,USC00244345,"HUNTLEY EXPERIMENTAL STATION, MT US",1968,312,,,-31,,,2.07,97,6914,19.43,,46.1,60.6,31.6
Huntley,USC00244345,"HUNTLEY EXPERIMENTAL STATION, MT US",1969,416,,,-36,,,2.04,101,8140,14.91,,44.4,59.3,29.4
Huntley,USC00244345,"HUNTLEY EXPERIMENTAL STATION, MT US",1970,480,,15,-17,,4.5,1.2,98,7013,16.41,42.3,45.3,59.9,30.7
Huntley,USC00244345,"HUNTLEY EXPERIMENTAL STATION, MT US",1971,474,85,12,-21,12,6.5,1.18,100,7610,12.98,36.3,45.4,60,30.7
Huntley,USC00244345,"HUNTLEY EXPERIMENTAL STATION, MT US",1972,385,,17,-34,,7.5,1.55,100,7366,16.76,46.3,45,59.5,30.5
Huntley,USC00244345,"HUNTLEY EXPERIMENTAL STATION, MT US",1973,438,,12,-25,,4,1.22,101,7473,14.94,32.6,46.8,61.5,32.1
Huntley,USC00244345,"HUNTLEY EXPERIMENTAL STATION, MT US",1974,422,,,-31,,,1.54,100,6684,14.95,,47.7,63.4,32
Huntley,USC00244345,"HUNTLEY EXPERIMENTAL STATION, MT US",1975,371,,,-26,,,1.07,101,7713,18.07,,43.9,58.5,29.2
Huntley,USC00244345,"HUNTLEY EXPERIMENTAL STATION, MT US",1976,305,,,-19,,,1.48,105,6963,13.85,,46.2,62,30.5
Huntley,USC00244345,"HUNTLEY EXPERIMENTAL STATION, MT US",1977,,,,-25,,,0.86,,,13.17,,,,31
Huntley,USC00244345,"HUNTLEY EXPERIMENTAL STATION, MT US",1978,301,135,27,-34,24,7.4,1.78,96,8589,23.06,90.4,40.8,54.7,27
Huntley,USC00244345,"HUNTLEY EXPERIMENTAL STATION, MT US",1979,290,,,-38,,,0.61,100,9212,7.83,,42.3,58.6,26
Huntley,USC00244345,"HUNTLEY EXPERIMENTAL STATION, MT US",1980,307,82,23,-31,12,9,1.47,101,7388,14.44,77.2,45.1,60.1,30.1
Huntley,USC00244345,"HUNTLEY EXPERIMENTAL STATION, MT US",1981,295,,,-23,,,1.82,102,6595,15.3,,47.3,62.6,31.9
Huntley,USC00244345,"HUNTLEY EXPERIMENTAL STATION, MT US",1982,310,,,-33,,,,99,7885,,,42.1,56.4,27.8
Huntley,USC00244345,"HUNTLEY EXPERIMENTAL STATION, MT US",1983,520,58,12,-47,9,9,1.17,102,7221,11.62,39.8,45.2,60,30.5
Huntley,USC00244345,"HUNTLEY EXPERIMENTAL STATION, MT US",1984,450,,,-22,,,0.44,102,7268,9.14,,45.4,59.8,30.9
Huntley,USC00244345,"HUNTLEY EXPERIMENTAL STATION, MT US",1985,339,,21,-33,,9.5,1.24,101,7569,11.56,62.7,42.5,57,28.1
Huntley,USC00244345,"HUNTLEY EXPERIMENTAL STATION, MT US",1986,298,,,-25,,,0.88,99,7391,15.18,,46.6,60.9,32.3
Huntley,USC00244345,"HUNTLEY EXPERIMENTAL STATION, MT US",1987,,20,10,-6,6,6,1.16,,6320,13.76,22.5,,,32.2
Huntley,USC00244345,"HUNTLEY EXPERIMENTAL STATION, MT US",1988,621,,,-21,,,,105,,,,47.5,63,32
Huntley,USC00244345,"HUNTLEY EXPERIMENTAL STATION, MT US",1989,363,,28,-44,,9.5,0.98,102,7491,18.17,100.6,43.2,57.4,29.1
Huntley,USC00244345,"HUNTLEY EXPERIMENTAL STATION, MT US",1990,405,52,13,-39,11,6,0.69,102,6862,9.38,39.3,46.3,61.7,30.9
Huntley,USC00244345,"HUNTLEY EXPERIMENTAL STATION, MT US",1991,440,57,13,-22,8,6,1.57,99,6872,17.3,37.5,46.7,60.9,32.5
Huntley,USC00244345,"HUNTLEY EXPERIMENTAL STATION, MT US",1992,,,,,,,,,6338,,,,,
Huntley,USC00244345,"HUNTLEY EXPERIMENTAL STATION, MT US",1993,,,,,,,,,,,,,,
Huntley,USC00244345,"HUNTLEY EXPERIMENTAL STATION, MT US",1994,427,,14,-26,,5,2,97,7220,14.67,41.4,46.1,61.1,31.2
Huntley,USC00244345,"HUNTLEY EXPERIMENTAL STATION, MT US",1995,,,,,,,,,7092,,,,,
Huntley,USC00244345,"HUNTLEY EXPERIMENTAL STATION, MT US",1996,,,,,,,,,,,,,,
Huntley,USC00244345,"HUNTLEY EXPERIMENTAL STATION, MT US",1997,,,,,,,,,,,,,,
Huntley,USC00244345,"HUNTLEY EXPERIMENTAL STATION, MT US",1998,692,,11,-34,,4,1.23,102,,15.11,18.9,48.1,62.5,33.6
Huntley,USC00244345,"HUNTLEY EXPERIMENTAL STATION, MT US",1999,437,32,11,-8,8,6,0.6,105,6396,11.25,25,48.8,64,33.6
Huntley,USC00244345,"HUNTLEY EXPERIMENTAL STATION, MT US",2000,566,88,21,-21,8,7,1.22,105,6271,10.2,40,46.1,61.7,30.5
Huntley,USC00244345,"HUNTLEY EXPERIMENTAL STATION, MT US",2001,675,55,14,-19,3,3.5,1.68,105,7083,12.04,19.9,48.3,63.9,32.8
Huntley,USC00244345,"HUNTLEY EXPERIMENTAL STATION, MT US",2002,,51,14,,4,4,0.69,109,,9.08,29.6,,61.2,
Huntley,USC00244345,"HUNTLEY EXPERIMENTAL STATION, MT US",2003,682,49,15,-21,10,7,1.02,105,6752,11.2,36.7,46.8,62.5,31.1
Huntley,USC00244345,"HUNTLEY EXPERIMENTAL STATION, MT US",2004,,55,5,,9,4,1.54,102,6990,10.38,14.3,,62.2,
Huntley,USC00244345,"HUNTLEY EXPERIMENTAL STATION, MT US",2005,469,42,11,-35,7,6.7,1.44,106,,18.23,32,46.2,62.2,30.2
Huntley,USC00244345,"HUNTLEY EXPERIMENTAL STATION, MT US",2006,534,22,8,-21,5,4.8,1.21,104,6632,13.03,17.9,47.7,64.5,30.9
Huntley,USC00244345,"HUNTLEY EXPERIMENTAL STATION, MT US",2007,645,46,12,-21,7,6,1.66,106,6980,14.83,29.9,47.6,63.2,32
Huntley,USC00244345,"HUNTLEY EXPERIMENTAL STATION, MT US",2008,,47,14,,8,7.5,1.15,105,7135,15.3,42.8,,61.2,
Huntley,USC00244345,"HUNTLEY EXPERIMENTAL STATION, MT US",2009,343,71,13,-27,5,3.3,1.32,99,,13,31.8,45,60.3,29.6
Huntley,USC00244345,"HUNTLEY EXPERIMENTAL STATION, MT US",2010,432,111,17,-34,17,6,1.09,102,7212,16.91,49.7,46.2,60.1,32.3
Huntley,USC00244345,"HUNTLEY EXPERIMENTAL STATION, MT US",2011,,66,13,,8,5.8,1.49,100,,18.75,35.2,,60.2,
Huntley,USC00244345,"HUNTLEY EXPERIMENTAL STATION, MT US",2012,736,36,12,-12,8,5.3,0.76,102,6147,6.57,28.2,49,64.7,33.3
Huntley,USC00244345,"HUNTLEY EXPERIMENTAL STATION, MT US",2013,580,57,10,-31,7,6.6,1.21,97,6983,17.13,34.4,46.3,60.5,32.2
Huntley,USC00244345,"HUNTLEY EXPERIMENTAL STATION, MT US",2014,410,86,18,-28,14,6,1.37,98,7710,14.45,54.4,45.1,58.5,31.8
Huntley,USC00244345,"HUNTLEY EXPERIMENTAL STATION, MT US",2015,556,56,14,-23,8,6.7,0.66,100,6778,12.37,35.1,48.5,62.7,34.2
Huntley,USC00244345,"HUNTLEY EXPERIMENTAL STATION, MT US",2016,511,55,11,-30,10,7.5,2.06,99,6361,14.83,29.3,48.5,62.6,34.3
Huntley,USC00244345,"HUNTLEY EXPERIMENTAL STATION, MT US",2017,613,80,21,-24,12,5.7,1.09,101,7340,13.73,50.6,46.2,60.2,32.3
Huntley,USC00244345,"HUNTLEY EXPERIMENTAL STATION, MT US",2018,404,102,22,-29,20,6.5,0.91,100,8174,18.38,61.7,43.7,57.3,30.1
Huntley,USC00244345,"HUNTLEY EXPERIMENTAL STATION, MT US",2019,417,79,23,-33,15,6.5,1.27,99,8260,19.3,57.8,42.8,56.2,29.4
Moccasin,USC00245761,"MOCCASIN EXPERIMENT STATION, MT US",1949,225,,,-33,,,1.67,101,8889,12.77,,41.6,55.5,27.8
Moccasin,USC00245761,"MOCCASIN EXPERIMENT STATION, MT US",1950,91,,,-40,,,0.79,92,9208,16.31,,39.5,52,27.1
Moccasin,USC00245761,"MOCCASIN EXPERIMENT STATION, MT US",1951,,,,,,,,,,,,,,
Moccasin,USC00245761,"MOCCASIN EXPERIMENT STATION, MT US",1952,187,,,-29,,,0.84,97,,9.77,,43.8,57.4,30.3
Moccasin,USC00245761,"MOCCASIN EXPERIMENT STATION, MT US",1953,206,,,-10,,,1.17,100,7648,15.08,,45.2,58.8,31.5
Moccasin,USC00245761,"MOCCASIN EXPERIMENT STATION, MT US",1954,166,,,-39,,,1.62,96,8061,15.63,,42.2,55.7,28.7
Moccasin,USC00245761,"MOCCASIN EXPERIMENT STATION, MT US",1955,265,,,-32,,,0.9,99,8514,13.81,,39.7,52.6,26.8
Moccasin,USC00245761,"MOCCASIN EXPERIMENT STATION, MT US",1956,226,,,-31,,,2.33,95,8871,10.03,,43.3,56,30.6
Moccasin,USC00245761,"MOCCASIN EXPERIMENT STATION, MT US",1957,217,,,-33,,,1.68,95,8289,13.51,,42.3,54.2,30.4
Moccasin,USC00245761,"MOCCASIN EXPERIMENT STATION, MT US",1958,225,,,-14,,,0.9,93,7553,11.65,,44.6,56.7,32.6
Moccasin,USC00245761,"MOCCASIN EXPERIMENT STATION, MT US",1959,200,,29,-31,,8,0.84,93,8226,16.11,55.4,41.9,54.3,29.6
Moccasin,USC00245761,"MOCCASIN EXPERIMENT STATION, MT US",1960,317,,,-27,,,0.66,99,8383,9.37,,43.2,56.1,30.4
Moccasin,USC00245761,"MOCCASIN EXPERIMENT STATION, MT US",1961,390,,,-22,,,0.97,103,7158,12.56,,44.8,57.9,31.7
Moccasin,USC00245761,"MOCCASIN EXPERIMENT STATION, MT US",1962,75,,,-28,,,1.67,89,8685,20.67,,42.7,55.4,30.1
Moccasin,USC00245761,"MOCCASIN EXPERIMENT STATION, MT US",1963,303,,,-33,,,0.97,96,7808,16.01,,44.7,57.9,31.5
Moccasin,USC00245761,"MOCCASIN EXPERIMENT STATION, MT US",1964,175,,,-31,,,2.1,97,7777,18.78,,41.8,54.4,29.2
Moccasin,USC00245761,"MOCCASIN EXPERIMENT STATION, MT US",1965,125,,,-25,,,0.95,94,8907,17.67,,41.6,53.7,29.5
Moccasin,USC00245761,"MOCCASIN EXPERIMENT STATION, MT US",1966,226,,,-27,,,0.66,99,8382,11.38,,42.6,56.2,29
Moccasin,USC00245761,"MOCCASIN EXPERIMENT STATION, MT US",1967,249,,,-24,,,1.32,95,8267,18.18,,42.8,54.9,30.6
Moccasin,USC00245761,"MOCCASIN EXPERIMENT STATION, MT US",1968,105,,,-41,,,0.89,93,7846,16.72,,42,54.6,29.3
Moccasin,USC00245761,"MOCCASIN EXPERIMENT STATION, MT US",1969,201,,,-39,,,2.17,101,9048,14.25,,41.6,54.8,28.3
Moccasin,USC00245761,"MOCCASIN EXPERIMENT STATION, MT US",1970,274,,,-18,,,1.18,99,8376,15.64,,41.3,54.4,28.3
Moccasin,USC00245761,"MOCCASIN EXPERIMENT STATION, MT US",1971,312,,,-38,,,0.77,98,8677,13.2,,41.8,54.6,28.9
Moccasin,USC00245761,"MOCCASIN EXPERIMENT STATION, MT US",1972,219,,,-34,,,1.68,93,8252,14.99,,41.5,53.7,29.4
Moccasin,USC00245761,"MOCCASIN EXPERIMENT STATION, MT US",1973,230,,,-20,,,1.21,97,8184,15.39,,43.9,55.9,31.9
Moccasin,USC00245761,"MOCCASIN EXPERIMENT STATION, MT US",1974,176,,,-23,,,1,94,7733,15.71,,43.7,56.1,31.2
Moccasin,USC00245761,"MOCCASIN EXPERIMENT STATION, MT US",1975,128,145,40,-23,29,11.6,1.29,96,9219,22.5,113.1,39.7,51.3,28.2
Moccasin,USC00245761,"MOCCASIN EXPERIMENT STATION, MT US",1976,212,,,-20,,,1.05,95,7785,15.35,,44.9,57.3,32.5
Moccasin,USC00245761,"MOCCASIN EXPERIMENT STATION, MT US",1977,138,,31,-28,,10,0.59,92,7359,18.5,87,43.2,55.2,31.1
Moccasin,USC00245761,"MOCCASIN EXPERIMENT STATION, MT US",1978,145,,39,-27,,16,1.55,92,8941,23.72,112.1,40.2,51.9,28.5
Moccasin,USC00245761,"MOCCASIN EXPERIMENT STATION, MT US",1979,201,,,-26,,,3.01,96,9430,12.72,,42.3,55.1,29.6
Moccasin,USC00245761,"MOCCASIN EXPERIMENT STATION, MT US",1980,152,107,30,-29,14,11,1.76,95,7593,18.83,85.3,43.4,55.6,31.2
Moccasin,USC00245761,"MOCCASIN EXPERIMENT STATION, MT US",1981,183,,,-26,,,1.09,98,7422,18.95,,45.4,57.7,33.2
Moccasin,USC00245761,"MOCCASIN EXPERIMENT STATION, MT US",1982,168,,34,-29,,19,1.22,91,8546,18.27,122,40.5,52.4,28.5
Moccasin,USC00245761,"MOCCASIN EXPERIMENT STATION, MT US",1983,323,79,22,-37,12,5.5,1.86,101,7502,14.93,48.5,43.4,55.8,31.1
Moccasin,USC00245761,"MOCCASIN EXPERIMENT STATION, MT US",1984,347,91,25,-29,20,12,0.68,97,8228,11.41,80.6,43,55.4,30.7
Moccasin,USC00245761,"MOCCASIN EXPERIMENT STATION, MT US",1985,253,158,25,-27,16,12,3.02,96,8551,18.74,68.1,40.6,52.5,28.7
Moccasin,USC00245761,"MOCCASIN EXPERIMENT STATION, MT US",1986,177,46,18,-22,11,10.5,1.4,94,8225,18.12,41.4,44.6,57.2,32
Moccasin,USC00245761,"MOCCASIN EXPERIMENT STATION, MT US",1987,169,38,18,-12,13,10,1.5,93,7266,17.03,60,46,59.3,32.8
Moccasin,USC00245761,"MOCCASIN EXPERIMENT STATION, MT US",1988,430,,,-20,,,,97,7386,,,45.3,58.7,31.9
Moccasin,USC00245761,"MOCCASIN EXPERIMENT STATION, MT US",1989,188,117,48,-34,19,7.5,1.63,93,8150,20.7,112.8,41.5,53.3,29.7
Moccasin,USC00245761,"MOCCASIN EXPERIMENT STATION, MT US",1990,268,,18,-35,,6.5,0.95,99,7759,11.14,43.1,44,57.3,30.8
Moccasin,USC00245761,"MOCCASIN EXPERIMENT STATION, MT US",1991,268,69,22,-22,9,6,1.02,96,7691,17.6,62,44.2,57,31.4
Moccasin,USC00245761,"MOCCASIN EXPERIMENT STATION, MT US",1992,147,,13,-25,,2,1.17,94,6738,13.91,23.3,45,58.4,31.7
Moccasin,USC00245761,"MOCCASIN EXPERIMENT STATION, MT US",1993,41,,,-23,,,,89,8344,,,40.8,52.5,29.1
Moccasin,USC00245761,"MOCCASIN EXPERIMENT STATION, MT US",1994,259,,28,-30,,5,1.77,94,8141,13.31,60.5,44.1,56.8,31.5
Moccasin,USC00245761,"MOCCASIN EXPERIMENT STATION, MT US",1995,,64,22,,13,13,1.61,95,,20.02,59.1,,55,
Moccasin,USC00245761,"MOCCASIN EXPERIMENT STATION, MT US",1996,247,,27,-30,,6,1.12,97,,11.2,70.2,40.3,52.4,28.2
Moccasin,USC00245761,"MOCCASIN EXPERIMENT STATION, MT US",1997,,40,18,,10,7,1.25,92,,16.86,43.5,,55.7,
Moccasin,USC00245761,"MOCCASIN EXPERIMENT STATION, MT US",1998,346,40,15,-26,5,5,1.27,95,6994,16.56,42.3,45.4,57.8,32.9
Moccasin,USC00245761,"MOCCASIN EXPERIMENT STATION, MT US",1999,216,42,20,-14,8,5,1.77,99,6816,13.65,43.7,46.1,58.3,33.8
Moccasin,USC00245761,"MOCCASIN EXPERIMENT STATION, MT US",2000,,,23,-21,,5,0.99,97,,11.13,56.5,44.1,56.7,31.5
Moccasin,USC00245761,"MOCCASIN EXPERIMENT STATION, MT US",2001,369,51,16,-9,3,3,0.88,102,7456,10.88,28,45.8,58.4,33
Moccasin,USC00245761,"MOCCASIN EXPERIMENT STATION, MT US",2002,229,,25,-16,,5,1.85,99,7862,15.96,61.1,42.2,54.3,30.1
Moccasin,USC00245761,"MOCCASIN EXPERIMENT STATION, MT US",2003,506,,27,-18,,7,0.96,101,7736,14.62,70.6,44.9,57.6,32.1
Moccasin,USC00245761,"MOCCASIN EXPERIMENT STATION, MT US",2004,171,,9,-24,,8,1.04,98,7827,11.6,34.4,44.1,56.9,31.2
Moccasin,USC00245761,"MOCCASIN EXPERIMENT STATION, MT US",2005,293,,20,-28,,5.5,0.79,96,7693,13.04,42.4,44.3,57.2,31.4
Moccasin,USC00245761,"MOCCASIN EXPERIMENT STATION, MT US",2006,345,,11,-30,,3.5,1.26,98,7026,16.15,27.4,45.8,58.7,33
Moccasin,USC00245761,"MOCCASIN EXPERIMENT STATION, MT US",2007,474,,16,-16,,7,1.06,101,7421,15.34,46.6,45.6,58.4,32.7
Moccasin,USC00245761,"MOCCASIN EXPERIMENT STATION, MT US",2008,,,11,,,5,1.09,100,7684,12.5,36.5,,56.3,
Moccasin,USC00245761,"MOCCASIN EXPERIMENT STATION, MT US",2009,258,,22,-28,,6,1.11,94,,12.18,55.6,43.1,56.2,29.9
Moccasin,USC00245761,"MOCCASIN EXPERIMENT STATION, MT US",2010,166,,21,-21,,6,0.86,98,8040,18.07,55.6,43.7,55.9,31.5
Moccasin,USC00245761,"MOCCASIN EXPERIMENT STATION, MT US",2011,,,,,,,,,,,,,,
Moccasin,USC00245761,"MOCCASIN EXPERIMENT STATION, MT US",2012,,,,,,,,,,,,,,
Moccasin,USC00245761,"MOCCASIN EXPERIMENT STATION, MT US",2013,,,,,,,,,,,,,,
Moccasin,USC00245761,"MOCCASIN EXPERIMENT STATION, MT US",2014,,,,,,,,,,,,,,
Moccasin,USC00245761,"MOCCASIN EXPERIMENT STATION, MT US",2015,300,,,-13,,,1.25,98,7389,12.52,,45.7,59.4,32
Moccasin,USC00245761,"MOCCASIN EXPERIMENT STATION, MT US",2016,,,,,,,,,,,,,,
Moccasin,USC00245761,"MOCCASIN EXPERIMENT STATION, MT US",2017,,,,,,,,,7830,,,,,
Moccasin,USC00245761,"MOCCASIN EXPERIMENT STATION, MT US",2018,,,,,,,,,,,,,,
Moccasin,USC00245761,"MOCCASIN EXPERIMENT STATION, MT US",2019,,,,,,,,,,,,,,
Sidney,USC00247560,"SIDNEY, MT US",1949,,,,,,,,,,,,,,
Sidney,USC00247560,"SIDNEY, MT US",1950,187,,16,-42,,5.5,1.76,97,9694,18.47,40.2,37.2,49.9,24.6
Sidney,USC00247560,"SIDNEY, MT US",1951,286,,6,-35,,8.5,0.61,100,9951,9.22,25.4,37.4,50.3,24.6
Sidney,USC00247560,"SIDNEY, MT US",1952,329,,8,-28,,4,1.09,99,9505,8.48,18.5,42.5,56,28.9
Sidney,USC00247560,"SIDNEY, MT US",1953,328,,12,-23,,3,1.91,95,8289,20.58,18.2,44.3,56.9,31.7
Sidney,USC00247560,"SIDNEY, MT US",1954,293,,13,-40,,5,1.31,97,8335,13.47,25.9,42.4,55.2,29.6
Sidney,USC00247560,"SIDNEY, MT US",1955,388,,13,-30,,2,1.57,99,8203,13.15,21.7,40.1,53.3,26.9
Sidney,USC00247560,"SIDNEY, MT US",1956,293,,,-24,,,1.27,100,9598,11.06,,41.1,54.9,27.4
Sidney,USC00247560,"SIDNEY, MT US",1957,357,,9,-36,,2,1.03,98,9036,13.65,13.8,41.6,54.3,28.9
Sidney,USC00247560,"SIDNEY, MT US",1958,272,,16,-25,,5,0.99,102,8041,10.92,36.6,42.6,55.8,29.5
Sidney,USC00247560,"SIDNEY, MT US",1959,340,,,-42,,,1.51,99,9119,11.45,,40.6,53.5,27.8
Sidney,USC00247560,"SIDNEY, MT US",1960,358,,,-25,,,1.86,102,9052,11.18,,41.5,55.1,28
Sidney,USC00247560,"SIDNEY, MT US",1961,458,,7,-23,,4,1.28,98,7956,9.8,18.3,43.2,56.9,29.4
Sidney,USC00247560,"SIDNEY, MT US",1962,207,,,-42,,,1.81,94,9188,18.86,,42.3,55.4,29.1
Sidney,USC00247560,"SIDNEY, MT US",1963,353,,12,-31,,5,0.85,99,8126,14.24,26.5,43.6,57.1,30.1
Sidney,USC00247560,"SIDNEY, MT US",1964,389,,22,-26,,7,1.52,101,7754,16.09,51.9,42,55.2,28.8
Sidney,USC00247560,"SIDNEY, MT US",1965,277,113,17,-33,21,4,1.22,97,10125,16.67,34.3,39.4,51.9,27
Sidney,USC00247560,"SIDNEY, MT US",1966,338,106,12,-33,8,3,0.95,102,9286,8.49,25.8,40.4,53.8,26.9
Sidney,USC00247560,"SIDNEY, MT US",1967,312,111,30,-36,8,6,1.6,94,8975,15.15,65.5,41.4,54.3,28.5
Sidney,USC00247560,"SIDNEY, MT US",1968,221,81,15,-34,12,7,1.92,99,8462,13.48,42.4,41.7,54.7,28.8
Sidney,USC00247560,"SIDNEY, MT US",1969,375,105,14,-36,17,4,1.92,100,9461,15.13,33.1,41,53.8,28.3
Sidney,USC00247560,"SIDNEY, MT US",1970,492,108,19,-39,9,9,0.95,97,8738,15.45,50.2,41,53.1,28.9
Sidney,USC00247560,"SIDNEY, MT US",1971,411,99,18,-31,11,3,2.52,100,9022,15.44,35.8,41.4,53.8,29
Sidney,USC00247560,"SIDNEY, MT US",1972,316,108,22,-31,17,5,1.16,99,9218,18.02,60.8,39.9,51.7,28.1
Sidney,USC00247560,"SIDNEY, MT US",1973,388,82,12,-30,8,4,2.97,97,8380,15.55,31.9,44,56.7,31.2
Sidney,USC00247560,"SIDNEY, MT US",1974,359,59,16,-35,8,5,1.56,100,8595,12.94,31.1,43.2,56.5,30
Sidney,USC00247560,"SIDNEY, MT US",1975,361,81,25,-25,19,8,1.16,100,8655,16.67,68.8,41.4,53.8,29.1
Sidney,USC00247560,"SIDNEY, MT US",1976,465,100,19,-32,19,4,2.39,100,8128,14.38,40.7,43.9,57.6,30.3
Sidney,USC00247560,"SIDNEY, MT US",1977,381,93,19,-37,12,4,1.55,98,8072,10.8,42.7,43.2,56,30.4
Sidney,USC00247560,"SIDNEY, MT US",1978,362,132,14,-31,15,5,1.31,99,9274,18.07,40.3,40.5,52.8,28.2
Sidney,USC00247560,"SIDNEY, MT US",1979,389,115,18,-35,25,10,0.64,102,10006,10.96,57.3,40.3,53.3,27.2
Sidney,USC00247560,"SIDNEY, MT US",1980,439,71,,-32,10,,1.58,102,7930,11.91,,44.3,58.2,30.4
Sidney,USC00247560,"SIDNEY, MT US",1981,517,46,12,-21,5,2,1.29,103,6999,12.67,16.9,47.4,61.4,33.5
Sidney,USC00247560,"SIDNEY, MT US",1982,422,116,23,-35,19,5,,97,8772,,54.1,40.7,54.2,27.2
Sidney,USC00247560,"SIDNEY, MT US",1983,739,90,11,-40,10,13,0.95,102,7698,7.91,31.1,44.7,57.8,31.5
Sidney,USC00247560,"SIDNEY, MT US",1984,639,64,,-29,13,,1.37,102,8053,10.21,,44.5,58.2,30.7
Sidney,USC00247560,"SIDNEY, MT US",1985,411,102,18,-27,12,9,0.95,98,8388,11.35,56.6,42.1,55.6,28.5
Sidney,USC00247560,"SIDNEY, MT US",1986,438,102,16,-35,16,9,1.83,98,8223,18.44,51.9,45.6,58.3,32.8
Sidney,USC00247560,"SIDNEY, MT US",1987,519,12,8,-9,2,4,2.46,97,6889,14.2,17.4,48.6,62.2,35
Sidney,USC00247560,"SIDNEY, MT US",1988,981,68,,-29,10,,,106,7333,,,46.5,61.9,31.2
Sidney,USC00247560,"SIDNEY, MT US",1989,643,95,18,-34,15,5,1.75,104,8357,12.12,37.6,43.6,57.5,29.8
Sidney,USC00247560,"SIDNEY, MT US",1990,623,26,8,-29,7,6,0.79,101,7375,10.59,21.5,46.4,61.1,31.7
Sidney,USC00247560,"SIDNEY, MT US",1991,713,37,14,-22,5,3,2.92,100,7233,21.02,25.9,47,60,33.9
Sidney,USC00247560,"SIDNEY, MT US",1992,,,,,,,,,6820,,,,,
Sidney,USC00247560,"SIDNEY, MT US",1993,183,94,13,-25,9,4,2.37,93,,20.46,28.5,42.7,55.7,29.6
Sidney,USC00247560,"SIDNEY, MT US",1994,469,99,12,-30,14,3,1.88,101,8228,13.46,28.7,44,58.2,29.7
Sidney,USC00247560,"SIDNEY, MT US",1995,573,82,10,-21,12,8,1.05,105,7685,15.61,28.9,43.6,57.6,29.7
Sidney,USC00247560,"SIDNEY, MT US",1996,497,116,24,-35,14,7.5,1.3,100,8668,15.23,55.5,40.2,53.8,26.6
Sidney,USC00247560,"SIDNEY, MT US",1997,511,85,10,-36,15,4,2.15,95,9089,14.34,18.4,44.7,59.2,30.1
Sidney,USC00247560,"SIDNEY, MT US",1998,704,,11,-28,,6,1.36,100,6974,17.5,41.6,46.9,59.8,34
Sidney,USC00247560,"SIDNEY, MT US",1999,437,74,15,-23,12,3.5,1.34,98,7006,14.51,28.2,47.1,60.1,34.1
Sidney,USC00247560,"SIDNEY, MT US",2000,572,103,15,-21,10,7,1.6,102,6773,14.41,37.6,44.8,57.8,31.8
Sidney,USC00247560,"SIDNEY, MT US",2001,675,85,8,-19,7,5,2.33,101,8179,15.35,17.1,46.3,58.9,33.7
Sidney,USC00247560,"SIDNEY, MT US",2002,658,64,13,-23,9,8,0.86,104,7824,12.11,35.6,44.8,57.1,32.4
Sidney,USC00247560,"SIDNEY, MT US",2003,764,101,19,-23,9,4,1.48,100,7812,14.07,40.4,45.2,57.8,32.5
Sidney,USC00247560,"SIDNEY, MT US",2004,377,86,12,-27,21,5,1.37,99,7971,11.27,31.1,44.7,57.5,31.9
Sidney,USC00247560,"SIDNEY, MT US",2005,619,63,12,-35,10,5,1.22,99,7193,15.06,30.9,46.4,58.8,34.1
Sidney,USC00247560,"SIDNEY, MT US",2006,,,,,,,,,6806,,,,,
Sidney,USC00247560,"SIDNEY, MT US",2007,804,58,8,-21,6,5,1.78,107,,14.29,22,47,60.1,33.9
Sidney,USC00247560,"SIDNEY, MT US",2008,596,49,12,-25,13,7,0.88,100,7724,10.37,35.3,44.6,58.3,31
Sidney,USC00247560,"SIDNEY, MT US",2009,418,97,8,-27,12,6,2.74,96,8244,14.63,24.4,43.1,55.6,30.5
Sidney,USC00247560,"SIDNEY, MT US",2010,451,,19,-31,,7,1.35,98,8300,21.62,41.8,43.2,55,31.4
Sidney,USC00247560,"SIDNEY, MT US",2011,556,,,-31,,,2.42,97,8807,19,,44.1,56.2,32.1
Sidney,USC00247560,"SIDNEY, MT US",2012,417,,,-18,,,,100,6443,,,45.9,59.4,32.5
Sidney,USC00247560,"SIDNEY, MT US",2013,492,,,-28,,,,95,8350,21.7,,43.1,54.6,31.7
Sidney,USC00247560,"SIDNEY, MT US",2014,,,,,,,,,,,,,,
Sidney,USC00247560,"SIDNEY, MT US",2015,,,,,,,,,,,,,,
Sidney,USC00247560,"SIDNEY, MT US",2016,,,,,,,,,,17.15,,,,
Sidney,USC00247560,"SIDNEY, MT US",2017,,,16,,,5,,,,11.54,35.7,,,
Sidney,USC00247560,"SIDNEY, MT US",2018,,,,,,,,,,16.45,,,,
Sidney,USC00247560,"SIDNEY, MT US",2019,510,,,-35,,,,95,,24.13,,42.1,54.2,30.1
Kalispell,USC00244558,"KALISPELL GLACIER AIRPORT, MT US",1949,,,,,,,,,,,,,,
Kalispell,USC00244558,"KALISPELL GLACIER AIRPORT, MT US",1950,104,121,27,-38,16,10.9,0.75,94,8819,20.11,70.9,41.3,52.1,30.4
Kalispell,USC00244558,"KALISPELL GLACIER AIRPORT, MT US",1951,114,100,37,-22,30,9.5,1.59,95,8297,21.93,115.4,40.7,51.8,29.7
Kalispell,USC00244558,"KALISPELL GLACIER AIRPORT, MT US",1952,104,126,17,-17,25,4.4,0.54,94,8574,11.19,47.2,43.5,56.2,30.8
Kalispell,USC00244558,"KALISPELL GLACIER AIRPORT, MT US",1953,123,42,14,8,9,7.4,0.84,97,7450,14.67,40.4,45.7,57.3,34.1
Kalispell,USC00244558,"KALISPELL GLACIER AIRPORT, MT US",1954,64,73,13,-22,16,5.8,0.99,91,7835,15.33,49.8,42.6,53.4,31.9
Kalispell,USC00244558,"KALISPELL GLACIER AIRPORT, MT US",1955,155,145,32,-17,16,5,1.15,96,8633,16.93,87.2,40.1,51.1,29.1
Kalispell,USC00244558,"KALISPELL GLACIER AIRPORT, MT US",1956,129,119,17,-25,24,4.5,1.8,91,8786,17.11,53.9,42.7,53.7,31.6
Kalispell,USC00244558,"KALISPELL GLACIER AIRPORT, MT US",1957,108,94,23,-28,22,5.4,0.86,92,8407,12.48,64.3,42.3,53.7,31
Kalispell,USC00244558,"KALISPELL GLACIER AIRPORT, MT US",1958,271,121,24,-9,15,6.1,1.35,95,7361,18.05,65,45.4,56.5,34.4
Kalispell,USC00244558,"KALISPELL GLACIER AIRPORT, MT US",1959,129,139,20,-28,24,8.6,0.9,97,8131,21.02,83.2,41.3,52.3,30.3
Kalispell,USC00244558,"KALISPELL GLACIER AIRPORT, MT US",1960,204,120,24,-29,15,8.5,0.84,104,9310,14.26,75.3,41.1,53.5,28.7
Kalispell,USC00244558,"KALISPELL GLACIER AIRPORT, MT US",1961,335,78,23,-14,17,8.6,0.74,105,7705,16.45,79.4,43.9,55.8,32.1
Kalispell,USC00244558,"KALISPELL GLACIER AIRPORT, MT US",1962,98,89,12,-26,16,5.6,0.53,98,8745,11.5,36.7,42.9,55,30.8
Kalispell,USC00244558,"KALISPELL GLACIER AIRPORT, MT US",1963,154,73,20,-26,18,6.5,1,95,7990,15.28,59.9,43.3,55.9,30.7
Kalispell,USC00244558,"KALISPELL GLACIER AIRPORT, MT US",1964,46,128,31,-24,17,7.5,1.36,94,8291,22.41,94.8,40.6,52.6,28.6
Kalispell,USC00244558,"KALISPELL GLACIER AIRPORT, MT US",1965,122,108,18,-12,17,3.6,0.86,93,8971,14.69,53,41.7,53.1,30.3
Kalispell,USC00244558,"KALISPELL GLACIER AIRPORT, MT US",1966,85,98,24,-16,17,4.6,1.54,92,8327,17.12,71.2,42.9,54.9,30.8
Kalispell,USC00244558,"KALISPELL GLACIER AIRPORT, MT US",1967,191,56,22,-2,6,4.1,0.61,99,7906,11.24,53.3,44.3,56.5,32
Kalispell,USC00244558,"KALISPELL GLACIER AIRPORT, MT US",1968,142,55,23,-35,12,5.9,1.16,96,7718,19.99,65.6,42.5,53.9,31
Kalispell,USC00244558,"KALISPELL GLACIER AIRPORT, MT US",1969,88,112,21,-18,28,5.7,0.82,103,9024,14.19,64.1,41.3,53.9,28.8
Kalispell,USC00244558,"KALISPELL GLACIER AIRPORT, MT US",1970,182,107,27,-21,16,6.9,0.72,97,8296,17.39,87.3,42,54.2,29.7
Kalispell,USC00244558,"KALISPELL GLACIER AIRPORT, MT US",1971,218,83,27,-18,18,7.3,0.92,98,8383,16.52,88.9,42.3,54.6,30
Kalispell,USC00244558,"KALISPELL GLACIER AIRPORT, MT US",1972,174,104,20,-26,15,5.5,0.88,95,8666,14.69,76.4,41.9,53.4,30.3
Kalispell,USC00244558,"KALISPELL GLACIER AIRPORT, MT US",1973,246,71,17,-21,7,5.6,0.87,102,8327,11.87,47.1,44,56.7,31.4
Kalispell,USC00244558,"KALISPELL GLACIER AIRPORT, MT US",1974,204,53,20,-21,6,3.5,1.1,94,7849,14.03,48.3,44.2,55.8,32.6
Kalispell,USC00244558,"KALISPELL GLACIER AIRPORT, MT US",1975,196,107,25,-23,18,6.3,0.83,100,8611,17.03,80.4,41.4,52.6,30.2
Kalispell,USC00244558,"KALISPELL GLACIER AIRPORT, MT US",1976,113,73,17,-10,10,3.6,1.73,92,7939,14.85,40.9,43.6,55.4,31.8
Kalispell,USC00244558,"KALISPELL GLACIER AIRPORT, MT US",1977,120,89,29,-21,11,7.8,0.89,93,7782,16.25,77.8,42.7,54.4,31.1
Kalispell,USC00244558,"KALISPELL GLACIER AIRPORT, MT US",1978,98,127,25,-33,17,5.7,0.68,95,8556,16.77,68.8,41.2,52.6,29.8
Kalispell,USC00244558,"KALISPELL GLACIER AIRPORT, MT US",1979,243,84,23,-37,26,7.2,0.71,99,9396,13.14,64.1,42.6,55.3,30
Kalispell,USC00244558,"KALISPELL GLACIER AIRPORT, MT US",1980,56,74,19,-28,11,7,1.15,92,7733,20.31,69.6,43.1,54.8,31.4
Kalispell,USC00244558,"KALISPELL GLACIER AIRPORT, MT US",1981,158,45,17,-21,10,6,0.96,99,7487,18.63,49.2,44.2,55.9,32.5
Kalispell,USC00244558,"KALISPELL GLACIER AIRPORT, MT US",1982,83,91,22,-30,24,11.6,2.71,91,8605,19.54,76.3,41,52.5,29.4
Kalispell,USC00244558,"KALISPELL GLACIER AIRPORT, MT US",1983,103,58,14,-30,13,5.6,1.15,96,7896,17.81,44.8,42.8,54.3,31.4
Kalispell,USC00244558,"KALISPELL GLACIER AIRPORT, MT US",1984,158,66,25,-22,13,3.2,0.7,97,8460,15.79,54,42.6,53.4,31.8
Kalispell,USC00244558,"KALISPELL GLACIER AIRPORT, MT US",1985,139,134,16,-28,18,4.8,1.14,96,9079,14.66,55.2,39,50.4,27.6
Kalispell,USC00244558,"KALISPELL GLACIER AIRPORT, MT US",1986,206,110,19,-10,16,9,1.34,94,8626,17.62,65.6,44,55,33
Kalispell,USC00244558,"KALISPELL GLACIER AIRPORT, MT US",1987,138,91,18,-9,8,6.6,2.09,96,7800,15.56,52.5,44.4,56.7,32.1
Kalispell,USC00244558,"KALISPELL GLACIER AIRPORT, MT US",1988,193,78,18,-18,9,5,0.92,97,7693,14.98,48.3,45.1,57.2,32.9
Kalispell,USC00244558,"KALISPELL GLACIER AIRPORT, MT US",1989,174,80,17,-21,8,6,1.27,98,8040,22.26,49,42.9,53.7,32.1
Kalispell,USC00244558,"KALISPELL GLACIER AIRPORT, MT US",1990,214,55,21,-35,25,12.2,0.94,97,7679,23.96,94.3,44.1,55.4,32.7
Kalispell,USC00244558,"KALISPELL GLACIER AIRPORT, MT US",1991,120,104,15,-20,32,8.9,0.9,96,8264,15.19,61.8,42.8,54.3,31.3
Kalispell,USC00244558,"KALISPELL GLACIER AIRPORT, MT US",1992,151,49,21,-6,13,3.6,1.55,96,7180,17.16,47.4,44.9,57,32.9
Kalispell,USC00244558,"KALISPELL GLACIER AIRPORT, MT US",1993,37,112,18,-22,23,9.3,1.16,90,8530,23.43,61.4,41.4,52.4,30.4
Kalispell,USC00244558,"KALISPELL GLACIER AIRPORT, MT US",1994,199,41,16,-21,10,6.3,0.94,96,8125,12.69,46.6,43.9,56.6,31.3
Kalispell,USC00244558,"KALISPELL GLACIER AIRPORT, MT US",1995,41,8,16,-10,5,6.2,2.18,91,7990,22.84,52.5,42.8,53.7,31.9
Kalispell,USC00244558,"KALISPELL GLACIER AIRPORT, MT US",1996,94,,38,-24,,20.1,0.8,96,8774,25.28,143.9,40.3,51.5,29.2
Kalispell,USC00244558,"KALISPELL GLACIER AIRPORT, MT US",1997,75,101,18,-18,52,12.4,1.07,96,8902,17.59,54.3,42.3,53.2,31.3
Kalispell,USC00244558,"KALISPELL GLACIER AIRPORT, MT US",1998,216,41,11,-21,12,5.3,0.9,96,7590,21.05,38,45.4,57.4,33.4
Kalispell,USC00244558,"KALISPELL GLACIER AIRPORT, MT US",1999,131,,,-4,,,0.54,96,7451,14.56,,44.5,56.4,32.6
Kalispell,USC00244558,"KALISPELL GLACIER AIRPORT, MT US",2000,125,,,-13,,,0.5,98,7779,10.54,,42.3,54.8,29.7
Kalispell,USC00244558,"KALISPELL GLACIER AIRPORT, MT US",2001,111,,,-16,,,0.84,95,8754,12.52,,42.9,55.5,30.3
Kalispell,USC00244558,"KALISPELL GLACIER AIRPORT, MT US",2002,,,,-2,,,1,99,8219,12.96,,42.5,53.9,31.2
Kalispell,USC00244558,"KALISPELL GLACIER AIRPORT, MT US",2003,293,,,-13,,,0.65,101,,12.35,,44.3,56.4,32.3
Kalispell,USC00244558,"KALISPELL GLACIER AIRPORT, MT US",2004,203,,,-29,,,0.85,95,8016,16.46,,44.1,55,33.2
Kalispell,USC00244558,"KALISPELL GLACIER AIRPORT, MT US",2005,78,59,15,-25,11,7.1,1.14,94,7824,17.43,46,42.5,54.3,30.7
Kalispell,USC00244558,"KALISPELL GLACIER AIRPORT, MT US",2006,170,71,18,-14,9,4.5,1.14,97,7941,17.31,40.4,44.2,56.1,32.4
Kalispell,USC00244558,"KALISPELL GLACIER AIRPORT, MT US",2007,294,79,15,-6,12,10,0.84,102,7962,11.54,43,44.7,57.2,32.3
Kalispell,USC00244558,"KALISPELL GLACIER AIRPORT, MT US",2008,142,80,23,-22,22,10.8,0.93,99,7890,14.56,68,43.4,55.8,31
Kalispell,USC00244558,"KALISPELL GLACIER AIRPORT, MT US",2009,151,106,24,-15,31,18,1.33,93,7893,14.26,87,43,55.1,30.8
Kalispell,USC00244558,"KALISPELL GLACIER AIRPORT, MT US",2010,79,86,18,-16,10,4.5,1.13,97,7974,20.64,40.7,43.3,54.4,32.2
Kalispell,USC00244558,"KALISPELL GLACIER AIRPORT, MT US",2011,90,73,15,-13,8,3,0.73,93,8532,16.24,33.3,42.6,54.3,30.9
Kalispell,USC00244558,"KALISPELL GLACIER AIRPORT, MT US",2012,181,51,15,-1,5,2.8,0.88,95,7708,20.41,34.1,44.7,56.8,32.6
Kalispell,USC00244558,"KALISPELL GLACIER AIRPORT, MT US",2013,249,57,14,-14,10,7,0.97,96,7530,17.53,43.6,44.1,56.2,32
Kalispell,USC00244558,"KALISPELL GLACIER AIRPORT, MT US",2014,205,72,24,-23,11,10,1.74,94,8251,21.61,64.8,43.3,55.2,31.4
Kalispell,USC00244558,"KALISPELL GLACIER AIRPORT, MT US",2015,233,65,18,-5,18,12.3,0.93,102,7355,11.66,59.7,45.5,58.9,32.1
Kalispell,USC00244558,"KALISPELL GLACIER AIRPORT, MT US",2016,146,76,21,-20,11,5.5,1.03,94,7194,20.35,49.8,45.1,57.1,33.1
Kalispell,USC00244558,"KALISPELL GLACIER AIRPORT, MT US",2017,214,104,28,-22,24,10.5,0.85,98,8337,17.03,96.7,42.9,55.4,30.3
Kalispell,USC00244558,"KALISPELL GLACIER AIRPORT, MT US",2018,138,98,21,-16,18,8,0.93,100,7869,13.04,52,43.4,55.6,31.1
Kalispell,USC00244558,"KALISPELL GLACIER AIRPORT, MT US",2019,101,92,23,-21,17,7.6,0.85,93,8433,16.54,64.6,42,54.1,29.9