"STATION","NAME","DATE","CDSD","DSND","DSNW","EMNT","EMSD","EMSN","EMXP","EMXT","HDSD","PRCP","SNOW","TAVG","TMAX","TMIN"
"USC00247560","SIDNEY, MT US","1949-04",,"0","0","20","0","0.0","0.06","91",,"0.13","0.0","50.5","68.9","32.1"
"USC00247560","SIDNEY, MT US","1949-05",,"0","0","28","0","0.0","0.55","92",,"1.33","0.0","58.2","73.0","43.2"
"USC00247560","SIDNEY, MT US","1949-06",,"0","0","35","0","0.0","0.44","96",,"1.04","0.0","63.3","78.5","48.1"
"USC00247560","SIDNEY, MT US","1949-07",,"0","0","39","0","0.0","0.83","97","27","1.99","0.0","68.0","83.2","52.7"
"USC00247560","SIDNEY, MT US","1949-08",,"0","0","39","0","0.0","0.08","105","50","0.14","0.0","70.8","88.4","53.1"
"USC00247560","SIDNEY, MT US","1949-09",,"0","0","19","0","0.0","0.06","91","339","0.13","0.0","55.5","73.1","37.9"
"USC00247560","SIDNEY, MT US","1949-10",,"2","1","21","3","3.0","0.87","78","996","1.05","3.0","43.8","55.8","31.8"
"USC00247560","SIDNEY, MT US","1949-11",,"1","1","11","1","1.0","0.09","72","1714","0.09","1.0","41.1","55.4","26.7"
"USC00247560","SIDNEY, MT US","1949-12",,,,"-18",,,"0.13","57","3301","0.18",,"11.9","23.6","0.2"
"USC00247560","SIDNEY, MT US","1950-01","0",,"4","-42",,"3.0","0.07","38","5544","0.31","10.7","-9.5","1.7","-20.6"
"USC00247560","SIDNEY, MT US","1950-02","0",,"2","-17",,"2.0","0.10","42","6947","0.21","4.4","14.9","26.6","3.2"
"USC00247560","SIDNEY, MT US","1950-03","0",,"2","-13",,"4.5","0.12","51","8274","0.28","7.5","22.2","31.7","12.7"
"USC00247560","SIDNEY, MT US","1950-04","0",,"2","16",,"5.5","0.86","66","9124","1.38","7.0","36.7","46.9","26.4"
"USC00247560","SIDNEY, MT US","1950-05","2","3","1","25","1","1.0","0.41","84","9549","1.59","1.0","51.0","63.3","38.8"
"USC00247560","SIDNEY, MT US","1950-06","48","0","0","33","0","0.0","1.76","91","9694","5.96","0.0","61.7","74.9","48.5"
"USC00247560","SIDNEY, MT US","1950-07","122","0","0","42","0","0.0","0.51","95","62","1.51","0.0","65.4","80.0","50.8"
"USC00247560","SIDNEY, MT US","1950-08","164","0","0","33","0","0.0","0.62","90","176","2.95","0.0","62.7","77.3","48.0"
"USC00247560","SIDNEY, MT US","1950-09","187","0","1","28","0","1.5","0.85","97","490","3.15","1.5","55.3","69.5","41.1"
"USC00247560","SIDNEY, MT US","1950-10","187","0","0","21","0","0.5","0.30","74","1080","0.72","0.5","46.0","60.9","31.1"
"USC00247560","SIDNEY, MT US","1950-11","187","4","2","-17","2","1.5","0.07","64","2294","0.15","3.3","24.5","38.0","11.1"
"USC00247560","SIDNEY, MT US","1950-12","187",,"2","-24",,"1.5","0.06","48","3818","0.25","4.2","15.8","27.8","3.9"
"USC00247560","SIDNEY, MT US","1951-01","0",,"2","-35",,"8.5","0.27","44","5607","0.35","10.8","7.3","20.3","-5.7"
"USC00247560","SIDNEY, MT US","1951-02","0",,"0","-30",,"0.0","0.16","50","7055","0.24","0.0","13.3","29.8","-3.2"
"USC00247560","SIDNEY, MT US","1951-03","0",,"0","-29",,"0.4","0.10","50","8648","0.10","0.6","13.6","26.4","0.8"
"USC00247560","SIDNEY, MT US","1951-04","4","3","1","12","4","3.7","0.24","82","9449","0.26","3.7","38.5","52.4","24.5"
"USC00247560","SIDNEY, MT US","1951-05","9","0","0","29","0","0.0","0.61","89","9774","1.90","0.0","54.6","68.8","40.5"
"USC00247560","SIDNEY, MT US","1951-06","27","0","0","35","0","0.0","0.30","91","9951","0.69","0.0","59.7","71.9","47.5"
"USC00247560","SIDNEY, MT US","1951-07","214","0","0","41","0","0.0","0.15","100","40","0.73","0.0","69.8","84.9","54.6"
"USC00247560","SIDNEY, MT US","1951-08","286","0","0","40","0","0.0","0.59","94","116","2.55","0.0","64.8","78.0","51.7"
"USC00247560","SIDNEY, MT US","1951-09","286","0","0","24","0","0.0","0.36","82","471","1.23","0.0","53.2","65.3","41.1"
"USC00247560","SIDNEY, MT US","1951-10","286","3","1","12","5","4.7","0.36","80","1181","0.76","4.7","42.1","53.0","31.2"
"USC00247560","SIDNEY, MT US","1951-11","286","7","0","-5","3","0.5","0.06","54","2355","0.12","1.5","25.9","36.0","15.8"
"USC00247560","SIDNEY, MT US","1951-12","286","20","2","-31","4","2.0","0.10","48","4165","0.28","4.1","6.6","17.2","-4.0"
"USC00247560","SIDNEY, MT US","1952-01","0","31","1","-28","5","1.5","0.05","41","5986","0.10","2.7","6.3","16.6","-4.1"
"USC00247560","SIDNEY, MT US","1952-02","0","25","4","-28","9","4.0","0.19","45","7299","0.45","9.7","19.7","28.8","10.6"
"USC00247560","SIDNEY, MT US","1952-03","0","30","2","-27","9","2.0","0.07","47","8768","0.20","5.1","17.6","27.7","7.5"
"USC00247560","SIDNEY, MT US","1952-04","7","0","0","19","0","0.0","0.02","92","9213","0.02","0.0","50.4","67.5","33.3"
"USC00247560","SIDNEY, MT US","1952-05","32","0","0","24","0","0.0","0.13","94","9462","0.23","0.0","57.8","72.2","43.4"
"USC00247560","SIDNEY, MT US","1952-06","105","0","0","40","0","0.0","1.09","98","9505","2.17","0.0","66.0","80.1","51.9"
"USC00247560","SIDNEY, MT US","1952-07","174","0","0","45","0","0.0","1.09","94","22","2.91","0.0","66.6","80.9","52.3"
"USC00247560","SIDNEY, MT US","1952-08","307","0","0","39","0","0.0","0.80","99","58","1.94","0.0","68.1","83.6","52.6"
"USC00247560","SIDNEY, MT US","1952-09","329","0","0","32","0","0.0","0.10","90","226","0.23","0.0","60.1","76.3","44.0"
"USC00247560","SIDNEY, MT US","1952-10","329","0","0","10","0","0.0","0.04","79","848","0.04","0.0","44.9","61.6","28.2"
"USC00247560","SIDNEY, MT US","1952-11","329",,"0","-2",,"0.0","0.03","70","1867","0.09","0.0","31.0","42.7","19.4"
"USC00247560","SIDNEY, MT US","1952-12","329","9","1","-5","1","1.0","0.06","48","3234","0.10","1.0","20.9","33.6","8.2"
"USC00247560","SIDNEY, MT US","1953-01","0","10","2","-23","3","3.0","0.20","50","4666","0.41","5.3","18.8","30.5","7.1"
"USC00247560","SIDNEY, MT US","1953-02","0","7","1","-13","1","1.0","0.28","50","5783","0.40","1.0","25.1","34.8","15.4"
"USC00247560","SIDNEY, MT US","1953-03","0",,"6","-22",,"2.0","0.20","67","6883","0.66","8.0","29.5","41.1","17.9"
"USC00247560","SIDNEY, MT US","1953-04","0","1","0","12","1","0.5","0.85","74","7721","2.39","0.5","37.1","48.0","26.2"
"USC00247560","SIDNEY, MT US","1953-05","0","0","0","25","0","0.0","1.91","86","8169","5.49","0.0","50.6","60.7","40.4"
"USC00247560","SIDNEY, MT US","1953-06","67","0","0","40","0","0.0","1.47","90","8289","6.07","0.0","63.2","74.0","52.4"
"USC00247560","SIDNEY, MT US","1953-07","214","0","0","43","0","0.0","0.17","95","25","0.37","0.0","69.2","83.5","54.9"
"USC00247560","SIDNEY, MT US","1953-08","322","0","0","41","0","0.0","0.70","93","42","1.89","0.0","67.9","82.9","53.0"
"USC00247560","SIDNEY, MT US","1953-09","328","0","0","24","0","0.0","0.15","88","305","0.47","0.0","56.4","72.9","40.0"
"USC00247560","SIDNEY, MT US","1953-10","328","0","0","20","0","0.0","1.02","92","762","1.90","0.0","49.8","67.7","31.9"
"USC00247560","SIDNEY, MT US","1953-11","328","0","0","12","0","0.0","0.12","68","1587","0.23","0.0","37.5","49.9","25.1"
"USC00247560","SIDNEY, MT US","1953-12","328","5","3","-7","1","1.5","0.12","51","2786","0.30","3.5","26.3","36.4","16.2"
"USC00247560","SIDNEY, MT US","1954-01","0",,"5","-40",,"3.0","0.17","44","4733","0.50","7.8","2.2","14.6","-10.2"
"USC00247560","SIDNEY, MT US","1954-02","0",,"2","-1",,"3.0","0.64","57","5585","0.76","4.5","34.6","44.9","24.2"
"USC00247560","SIDNEY, MT US","1954-03","0",,"3","-13",,"5.0","0.64","58","6914","0.98","8.0","22.1","32.4","11.9"
"USC00247560","SIDNEY, MT US","1954-04","0","2","2","-5","4","3.0","0.50","76","7688","0.74","4.0","39.2","51.7","26.7"
"USC00247560","SIDNEY, MT US","1954-05","3","0","0","19","0","0.0","0.38","86","8127","1.09","0.0","51.0","65.0","37.0"
"USC00247560","SIDNEY, MT US","1954-06","22","0","0","35","0","0.0","0.73","94","8335","2.14","0.0","58.7","71.9","45.5"
"USC00247560","SIDNEY, MT US","1954-07","224","0","0","42","0","0.0","0.78","97","33","1.78","0.0","70.4","85.7","55.2"
"USC00247560","SIDNEY, MT US","1954-08","289","0","0","43","0","0.0","0.81","94","61","2.54","0.0","66.2","81.0","51.4"
"USC00247560","SIDNEY, MT US","1954-09","293","0","0","23","0","0.0","1.31","84","363","2.33","0.0","54.8","67.7","41.9"
"USC00247560","SIDNEY, MT US","1954-10","293","0","0","20","0","0.0","0.19","75","1031","0.29","0.0","43.4","57.4","29.6"
"USC00247560","SIDNEY, MT US","1954-11","293","0","0","11","0","0.0","0.18","70","1811","0.22","0.0","39.0","52.0","25.9"
"USC00247560","SIDNEY, MT US","1954-12","293","2","1","-6","1","1.0","0.05","56","2988","0.09","1.7","27.1","38.4","15.7"
"USC00247560","SIDNEY, MT US","1955-01","0",,"4","-27",,"2.0","0.10","41","4476","0.32","5.5","15.1","26.7","3.6"
"USC00247560","SIDNEY, MT US","1955-02","0",,"2","-30",,"1.5","0.15","49","5976","0.49","5.5","11.4","23.3","-0.4"
"USC00247560","SIDNEY, MT US","1955-03","0",,"1","-23",,"1.0","0.10","67","7240","0.20","2.3","22.9","35.5","10.3"
"USC00247560","SIDNEY, MT US","1955-04","0",,"0","25",,"0.0","0.98","79","7756","2.39","0.0","47.8","62.2","33.4"
"USC00247560","SIDNEY, MT US","1955-05","13","0","0","30","0","0.0","0.98","87","8060","2.52","0.0","55.6","68.4","42.8"
"USC00247560","SIDNEY, MT US","1955-06","47","0","0","40","0","0.0","1.57","89","8203","3.35","0.0","61.4","73.3","49.4"
"USC00247560","SIDNEY, MT US","1955-07","215","0","0","43","0","0.0","0.52","99","29","2.02","0.0","69.7","82.8","56.7"
"USC00247560","SIDNEY, MT US","1955-08","375","0","0","37","0","0.0","0.42","95","55","0.65","0.0","69.3","86.5","52.1"
"USC00247560","SIDNEY, MT US","1955-09","388","0","0","26","0","0.0","0.04","91","344","0.04","0.0","55.8","71.4","40.2"
"USC00247560","SIDNEY, MT US","1955-10","388","0","0","7","0","0.0","0.35","87","932","0.52","0.0","46.0","61.5","30.6"
"USC00247560","SIDNEY, MT US","1955-11","388",,"4","-19",,"2.0","0.15","68","2390","0.36","5.0","16.4","27.6","5.3"
"USC00247560","SIDNEY, MT US","1955-12","388",,"2","-27",,"2.0","0.16","43","4056","0.29","3.5","9.4","20.4","-1.6"
"USC00247560","SIDNEY, MT US","1956-01","0",,"0","-23",,"0.3","0.08","41","5781","0.11","0.5","7.7","19.6","-4.1"
"USC00247560","SIDNEY, MT US","1956-02","0",,"1","-24",,"1.5","0.08","47","7254","0.12","2.0","14.2","27.3","1.1"
"USC00247560","SIDNEY, MT US","1956-03","0",,"3","-20",,"1.0","0.14","70","8383","0.30","3.0","28.6","41.6","15.5"
"USC00247560","SIDNEY, MT US","1956-04","0",,"0","8",,"0.0","0.11","74","9244","0.25","0.0","36.3","50.9","21.6"
"USC00247560","SIDNEY, MT US","1956-05","10","0","0","25","0","0.0","0.77","89","9578","1.90","0.0","54.6","67.2","41.9"
"USC00247560","SIDNEY, MT US","1956-06","115","0","0","43","0","0.0","0.83","100","9598","1.97","0.0","67.9","82.7","53.0"
"USC00247560","SIDNEY, MT US","1956-07","205","0","0","41","0","0.0","1.27","96","54","3.59","0.0","66.1","79.8","52.6"
"USC00247560","SIDNEY, MT US","1956-08","293","0","0","34","0","0.0","0.38","93","119","1.12","0.0","65.7","80.6","50.8"
"USC00247560","SIDNEY, MT US","1956-09","293","0","0","27","0","0.0","0.38","86","430","0.62","0.0","54.6","70.8","38.4"
"USC00247560","SIDNEY, MT US","1956-10","293","0","0","16","0","0.0","0.17","82","1045","0.29","0.0","45.1","61.6","28.7"
"USC00247560","SIDNEY, MT US","1956-11","293",,,"5",,,"0.17","61","2049","0.42",,"31.5","43.1","20.0"
"USC00247560","SIDNEY, MT US","1956-12","293",,"1","-24",,"2.0","0.12","54","3416","0.36","2.0","20.9","33.2","8.7"
"USC00247560","SIDNEY, MT US","1957-01","0",,"1","-36",,"1.5","0.08","35","5361","0.29","2.8","2.3","13.7","-9.2"
"USC00247560","SIDNEY, MT US","1957-02","0",,"2","-20",,"2.0","0.15","47","6736","0.22","3.0","15.9","26.9","4.8"
"USC00247560","SIDNEY, MT US","1957-03","0",,"2","1",,"1.5","0.17","61","7846","0.50","2.5","29.2","39.8","18.7"
"USC00247560","SIDNEY, MT US","1957-04","0","0","0","5","0","0.0","0.67","81","8599","2.28","0.0","39.9","52.3","27.5"
"USC00247560","SIDNEY, MT US","1957-05","3","0","0","30","0","0.0","0.66","83","8907","1.69","0.0","55.1","69.8","40.5"
"USC00247560","SIDNEY, MT US","1957-06","21","0","0","43","0","0.0","0.65","89","9036","2.56","0.0","61.3","74.4","48.2"
"USC00247560","SIDNEY, MT US","1957-07","242","0","0","49","0","0.0","1.03","98","1","2.05","0.0","72.1","87.8","56.4"
"USC00247560","SIDNEY, MT US","1957-08","354","0","0","39","0","0.0","0.65","98","58","1.55","0.0","66.8","80.8","52.7"
"USC00247560","SIDNEY, MT US","1957-09","357","0","0","26","0","0.0","0.46","85","353","1.01","0.0","55.3","69.6","40.9"
"USC00247560","SIDNEY, MT US","1957-10","357",,"0","9",,"0.0","0.52","86","1040","1.04","0.0","42.8","55.3","30.4"
"USC00247560","SIDNEY, MT US","1957-11","357",,"2","4",,"1.0","0.15","55","2045","0.31","2.5","31.5","41.7","21.3"
"USC00247560","SIDNEY, MT US","1957-12","357",,"2","-10",,"1.5","0.05","55","3229","0.13","3.0","26.8","39.1","14.5"
"USC00247560","SIDNEY, MT US","1958-01","0",,"2","-5",,"1.0","0.05","53","4497","0.15","2.0","24.1","35.1","13.1"
"USC00247560","SIDNEY, MT US","1958-02","0",,"3","-25",,"4.0","0.36","67","5843","0.72","7.0","16.9","28.4","5.5"
"USC00247560","SIDNEY, MT US","1958-03","0",,"0","-12",,"0.5","0.04","63","7061","0.13","1.1","25.7","34.0","17.4"
"USC00247560","SIDNEY, MT US","1958-04","0","0","0","15","0","0.0","0.25","79","7629","0.59","0.0","45.4","59.2","31.6"
"USC00247560","SIDNEY, MT US","1958-05","30","0","0","29","0","0.0","0.03","90","7836","0.04","0.0","59.3","76.7","41.9"
"USC00247560","SIDNEY, MT US","1958-06","41","0","0","35","0","0.0","0.99","92","8041","3.12","0.0","58.5","71.9","45.1"
"USC00247560","SIDNEY, MT US","1958-07","78","0","0","39","0","0.0","0.96","91","85","2.13","0.0","63.5","77.8","49.2"
"USC00247560","SIDNEY, MT US","1958-08","245","0","0","38","0","0.0","0.90","102","132","1.01","0.0","68.8","85.8","51.9"
"USC00247560","SIDNEY, MT US","1958-09","272","0","0","27","0","0.0","0.17","93","390","0.33","0.0","57.3","72.2","42.3"
"USC00247560","SIDNEY, MT US","1958-10","272","0","0","16","0","0.0","0.74","85","980","0.85","0.0","46.0","61.9","30.1"
"USC00247560","SIDNEY, MT US","1958-11","272",,"7","-8",,"5.0","0.43","64","2055","1.46","20.0","29.2","38.7","19.6"
"USC00247560","SIDNEY, MT US","1958-12","272",,"4","-19",,"2.0","0.13","51","3543","0.38","6.5","17.0","27.7","6.3"
"USC00247560","SIDNEY, MT US","1959-01","0",,,"-42",,,"0.14","46","5341","0.50",,"7.0","18.2","-4.2"
"USC00247560","SIDNEY, MT US","1959-02","0",,,"-32",,,"0.12","38","6994","0.35",,"6.0","19.9","-8.0"
"USC00247560","SIDNEY, MT US","1959-03","0",,,"10",,,"0.06","61","7924","0.13",,"35.0","45.4","24.5"
"USC00247560","SIDNEY, MT US","1959-04","1","0","2","10","0","3.0","0.12","85","8602","0.33","4.0","42.5","56.8","28.1"
"USC00247560","SIDNEY, MT US","1959-05","1","0","0","25","0","0.0","0.39","83","9034","1.20","0.0","51.1","65.2","36.9"
"USC00247560","SIDNEY, MT US","1959-06","83","0","0","36","0","0.0","1.51","97","9119","3.17","0.0","64.9","79.7","50.2"
"USC00247560","SIDNEY, MT US","1959-07","224","0","0","42","0","0.0","0.15","99","24","0.35","0.0","68.8","85.6","51.9"
"USC00247560","SIDNEY, MT US","1959-08","329","0","0","43","0","0.0","0.25","96","53","0.53","0.0","67.5","83.9","51.0"
"USC00247560","SIDNEY, MT US","1959-09","340","0","0","23","0","0.0","0.75","89","391","2.69","0.0","54.1","66.8","41.4"
"USC00247560","SIDNEY, MT US","1959-10","340",,,"9",,,"0.49","71","1202","0.91",,"38.8","50.7","27.0"
"USC00247560","SIDNEY, MT US","1959-11","340",,,"-15",,,"0.30","67","2439","1.13",,"23.7","32.9","14.6"
"USC00247560","SIDNEY, MT US","1959-12","340",,,"8",,,"0.10","51","3578","0.14",,"28.3","36.4","20.2"
"USC00247560","SIDNEY, MT US","1960-01","0",,,"-21",,,"0.18","43","5247","0.33",,"11.2","22.0","0.3"
"USC00247560","SIDNEY, MT US","1960-02","0",,,"-21",,,"0.08","49","6694","0.39",,"15.1","24.2","6.0"
"USC00247560","SIDNEY, MT US","1960-03","0",,,"-25",,,"0.21","72","7943","0.67",,"22.9","35.6","10.3"
"USC00247560","SIDNEY, MT US","1960-04","0",,"0","20",,"0.0","0.14","74","8614","0.45","0.0","42.6","55.3","30.0"
"USC00247560","SIDNEY, MT US","1960-05","5","0","0","23","0","0.0","0.51","93","8910","1.65","0.0","55.2","69.9","40.4"
"USC00247560","SIDNEY, MT US","1960-06","25","0","0","33","0","0.0","0.36","93","9052","1.51","0.0","60.9","75.2","46.7"
"USC00247560","SIDNEY, MT US","1960-07","225","0","0","41","0","0.0","0.61","102","20","1.13","0.0","70.8","88.0","53.6"
"USC00247560","SIDNEY, MT US","1960-08","320","0","0","36","0","0.0","1.86","95","79","4.20","0.0","66.2","83.2","49.2"
"USC00247560","SIDNEY, MT US","1960-09","358","0","0","23","0","0.0","0.01","98","324","0.02","0.0","58.1","75.0","41.1"
"USC00247560","SIDNEY, MT US","1960-10","358","0","0","5","0","0.0","0.05","85","903","0.10","0.0","46.3","61.7","30.9"
"USC00247560","SIDNEY, MT US","1960-11","358",,,"-13",,,"0.14","67","1985","0.38",,"28.9","41.4","16.5"
"USC00247560","SIDNEY, MT US","1960-12","358",,"4","-23",,"2.0","0.10","48","3375","0.34","7.0","20.1","29.4","10.8"
"USC00247560","SIDNEY, MT US","1961-01","0",,"1","-14",,"2.0","0.06","52","4748","0.06","2.0","20.7","31.4","10.0"
"USC00247560","SIDNEY, MT US","1961-02","0",,"3","-23",,"4.0","0.57","59","5948","0.98","10.7","22.1","35.0","9.2"
"USC00247560","SIDNEY, MT US","1961-03","0","0","0","15","0","0.0","0.17","71","6823","0.20","0.0","36.8","48.1","25.4"
"USC00247560","SIDNEY, MT US","1961-04","0","0","1","9","0","3.0","0.55","76","7600","1.35","3.0","39.1","52.2","26.0"
"USC00247560","SIDNEY, MT US","1961-05","17","0","0","23","0","0.0","0.30","87","7921","0.93","0.0","55.2","68.8","41.5"
"USC00247560","SIDNEY, MT US","1961-06","139","0","0","39","0","0.0","1.28","98","7956","1.35","0.0","67.9","84.8","51.0"
"USC00247560","SIDNEY, MT US","1961-07","256","0","0","40","0","0.0","0.88","97","28","1.91","0.0","67.9","83.7","52.0"
"USC00247560","SIDNEY, MT US","1961-08","451","0","0","43","0","0.0","0.10","96","41","0.24","0.0","70.9","88.4","53.3"
"USC00247560","SIDNEY, MT US","1961-09","458","0","0","15","0","0.0","0.83","83","498","2.54","0.0","50.0","63.3","36.7"
"USC00247560","SIDNEY, MT US","1961-10","458","0","0","19","0","0.0","0.01","83","1115","0.01","0.0","45.1","59.9","30.3"
"USC00247560","SIDNEY, MT US","1961-11","458","0","0","0","0","0.0","0.01","64","2168","0.04","0.0","29.9","42.4","17.4"
"USC00247560","SIDNEY, MT US","1961-12","458",,"2","-22",,"1.0","0.08","57","3803","0.17","2.6","12.2","25.0","-0.5"
"USC00247560","SIDNEY, MT US","1962-01","0",,"3","-31",,"3.0","0.18","58","5403","0.38","5.6","13.4","24.9","1.9"
"USC00247560","SIDNEY, MT US","1962-02","0",,"4","-42",,"2.0","0.09","61","6852","0.42","6.6","13.2","24.7","1.8"
"USC00247560","SIDNEY, MT US","1962-03","0",,"3","-27",,"1.5","0.48","66","8156","0.76","4.5","22.9","34.9","11.0"
"USC00247560","SIDNEY, MT US","1962-04","0","1","1","16","2","2.0","0.12","88","8731","0.34","2.0","45.8","61.0","30.7"
"USC00247560","SIDNEY, MT US","1962-05","0","0","0","29","0","0.0","1.29","77","9107","3.72","0.0","52.9","64.0","41.8"
"USC00247560","SIDNEY, MT US","1962-06","57","0","0","38","0","0.0","0.90","92","9188","1.84","0.0","64.2","78.2","50.2"
"USC00247560","SIDNEY, MT US","1962-07","96","0","0","40","0","0.0","1.81","87","44","6.34","0.0","64.8","78.7","51.0"
"USC00247560","SIDNEY, MT US","1962-08","207","0","0","38","0","0.0","0.77","94","97","1.90","0.0","66.9","82.2","51.5"
"USC00247560","SIDNEY, MT US","1962-09","207","0","0","28","0","0.0","0.27","84","407","0.58","0.0","54.6","71.0","38.3"
"USC00247560","SIDNEY, MT US","1962-10","207","0","0","15","0","0.0","1.27","75","932","2.06","0.0","48.1","61.6","34.6"
"USC00247560","SIDNEY, MT US","1962-11","207",,,"16",,,"0.08","66","1788","0.28",,"36.5","48.2","24.8"
"USC00247560","SIDNEY, MT US","1962-12","207","5","3","-11","3","1.5","0.08","58","3068","0.24","4.5","23.7","35.7","11.7"
"USC00247560","SIDNEY, MT US","1963-01","0",,"2","-28",,"3.0","0.20","50","4924","0.38","6.0","5.1","17.0","-6.7"
"USC00247560","SIDNEY, MT US","1963-02","0",,"3","-22",,"2.0","0.21","59","6129","0.62","5.0","22.0","33.1","10.9"
"USC00247560","SIDNEY, MT US","1963-03","0",,"2","-7",,"5.0","0.80","74","7014","1.59","7.0","36.4","49.0","23.9"
"USC00247560","SIDNEY, MT US","1963-04","0","3","3","18","4","3.0","0.41","80","7688","2.04","6.0","42.5","54.4","30.7"
"USC00247560","SIDNEY, MT US","1963-05","8","0","0","24","0","0.0","0.70","88","8050","1.92","0.0","53.6","66.9","40.2"
"USC00247560","SIDNEY, MT US","1963-06","32","0","0","41","0","0.0","0.76","85","8126","3.15","0.0","63.3","76.7","49.8"
"USC00247560","SIDNEY, MT US","1963-07","208","0","0","46","0","0.0","0.24","99","4","1.01","0.0","70.5","85.3","55.8"
"USC00247560","SIDNEY, MT US","1963-08","329","0","0","41","0","0.0","0.85","95","40","2.91","0.0","67.7","82.9","52.6"
"USC00247560","SIDNEY, MT US","1963-09","353","0","0","28","0","0.0","0.17","91","160","0.29","0.0","61.8","77.2","46.3"
"USC00247560","SIDNEY, MT US","1963-10","353","0","0","14","0","0.0","0.00","89","554","0.00","0.0","52.3","69.1","35.5"
"USC00247560","SIDNEY, MT US","1963-11","353",,"0","-2",,"0.0","0.07","64","1520","0.11","0.0","32.8","47.8","17.9"
"USC00247560","SIDNEY, MT US","1963-12","353",,"2","-31",,"1.0","0.05","57","3052","0.23","2.5","15.6","26.1","5.0"
"USC00247560","SIDNEY, MT US","1964-01","0",,"3","-17",,"3.0","0.12","49","4430","0.25","5.5","20.6","32.5","8.6"
"USC00247560","SIDNEY, MT US","1964-02","0",,"0","-7",,"0.5","0.02","53","5519","0.05","1.0","27.4","39.6","15.3"
"USC00247560","SIDNEY, MT US","1964-03","0",,"4","-14",,"3.0","0.25","75","6783","0.53","9.1","24.2","38.3","10.1"
"USC00247560","SIDNEY, MT US","1964-04","0","2","2","20","3","4.0","0.64","77","7356","1.14","6.3","45.9","60.5","31.3"
"USC00247560","SIDNEY, MT US","1964-05","25","0","0","28","0","0.0","0.64","96","7625","1.89","0.0","57.1","70.4","43.8"
"USC00247560","SIDNEY, MT US","1964-06","78","0","0","36","0","0.0","1.52","99","7754","4.74","0.0","62.5","75.6","49.4"
"USC00247560","SIDNEY, MT US","1964-07","281","0","0","45","0","0.0","1.40","97","1","1.93","0.0","71.5","86.6","56.4"
"USC00247560","SIDNEY, MT US","1964-08","387","0","0","37","0","0.0","1.29","101","100","2.94","0.0","65.2","79.7","50.8"
"USC00247560","SIDNEY, MT US","1964-09","389","0","0","26","0","0.0","0.19","88","450","0.42","0.0","53.4","67.0","39.7"
"USC00247560","SIDNEY, MT US","1964-10","389","2","1","21","4","7.0","0.51","82","992","0.72","7.0","47.5","62.6","32.4"
"USC00247560","SIDNEY, MT US","1964-11","389","17","5","-22","6","4.0","0.25","65","2179","0.61","10.6","25.4","36.7","14.2"
"USC00247560","SIDNEY, MT US","1964-12","389","31","7","-26","12","4.0","0.33","35","4097","0.85","12.4","3.1","12.6","-6.3"
"USC00247560","SIDNEY, MT US","1965-01","0","31","6","-33","21","4.0","0.25","38","5920","0.78","13.5","6.2","17.4","-5.1"
"USC00247560","SIDNEY, MT US","1965-02","0","28","1","-23","21","1.0","0.07","47","7372","0.10","1.5","13.1","25.5","0.8"
"USC00247560","SIDNEY, MT US","1965-03","0","31","3","-25","12","4.0","0.13","40","8976","0.32","6.8","13.3","23.9","2.6"
"USC00247560","SIDNEY, MT US","1965-04","0","7","0","24","6","0.0","0.63","80","9660","1.32","0.0","42.2","52.2","32.2"
"USC00247560","SIDNEY, MT US","1965-05","0","1","1","28","1","3.0","1.22","83","10038","5.48","3.0","52.8","65.5","40.2"
"USC00247560","SIDNEY, MT US","1965-06","48","0","0","38","0","0.0","0.47","87","10125","2.07","0.0","63.7","76.4","51.1"
"USC00247560","SIDNEY, MT US","1965-07","188","0","0","45","0","0.0","0.60","90","10","1.90","0.0","69.2","83.0","55.4"
"USC00247560","SIDNEY, MT US","1965-08","277","0","0","37","0","0.0","0.83","97","83","1.80","0.0","65.5","80.7","50.3"
"USC00247560","SIDNEY, MT US","1965-09","277","0","1","19","0","2.0","0.55","80","670","2.19","2.0","45.4","57.4","33.5"
"USC00247560","SIDNEY, MT US","1965-10","277","0","0","19","0","0.0","0.00","78","1150","0.00","0.0","49.5","65.7","33.2"
"USC00247560","SIDNEY, MT US","1965-11","277","8","2","-6","2","1.5","0.10","70","2250","0.28","2.5","28.3","40.0","16.6"
"USC00247560","SIDNEY, MT US","1965-12","277","7","3","-18","4","3.0","0.31","59","3535","0.43","5.0","23.6","34.4","12.8"
"USC00247560","SIDNEY, MT US","1966-01","0","31","3","-33","5","1.4","0.09","40","5545","0.24","3.9","0.2","11.9","-11.6"
"USC00247560","SIDNEY, MT US","1966-02","0","28","2","-21","8","3.0","0.17","40","7057","0.31","5.0","11.0","23.0","-1.0"
"USC00247560","SIDNEY, MT US","1966-03","0","12","0","-3","5","0.6","0.04","77","8017","0.05","0.6","34.0","48.4","19.6"
"USC00247560","SIDNEY, MT US","1966-04","0","4","2","10","3","3.0","0.23","68","8831","0.83","5.0","37.9","49.4","26.4"
"USC00247560","SIDNEY, MT US","1966-05","12","0","0","25","0","0.0","0.49","90","9146","1.42","0.0","55.2","70.6","39.8"
"USC00247560","SIDNEY, MT US","1966-06","73","0","0","39","0","0.0","0.41","99","9286","1.59","0.0","62.4","76.7","48.1"
"USC00247560","SIDNEY, MT US","1966-07","248","0","0","45","0","0.0","0.26","102","5","1.00","0.0","70.5","85.3","55.7"
"USC00247560","SIDNEY, MT US","1966-08","309","0","0","35","0","0.0","0.95","95","114","1.48","0.0","63.5","79.4","47.6"
"USC00247560","SIDNEY, MT US","1966-09","338","0","0","29","0","0.0","0.30","93","296","0.38","0.0","59.9","75.8","44.1"
"USC00247560","SIDNEY, MT US","1966-10","338","1","1","15","2","3.0","0.41","78","888","0.67","3.0","45.3","59.8","30.8"
"USC00247560","SIDNEY, MT US","1966-11","338","15","3","-6","3","2.5","0.18","58","2115","0.32","5.4","24.1","35.6","12.6"
"USC00247560","SIDNEY, MT US","1966-12","338","15","1","-18","3","2.0","0.12","52","3498","0.20","2.9","20.4","29.6","11.2"
"USC00247560","SIDNEY, MT US","1967-01","0","26","7","-36","8","6.0","0.35","43","5073","1.36","19.3","14.2","26.3","2.0"
"USC00247560","SIDNEY, MT US","1967-02","0","28","6","-19","8","2.3","0.14","46","6463","0.69","11.9","15.3","27.4","3.3"
"USC00247560","SIDNEY, MT US","1967-03","0","24","5","-12","5","2.5","0.15","63","7657","0.53","9.4","26.5","37.5","15.4"
"USC00247560","SIDNEY, MT US","1967-04","0","7","4","4","3","3.0","1.60","73","8420","3.18","7.3","39.6","51.3","27.9"
"USC00247560","SIDNEY, MT US","1967-05","9","1","1","17","3","3.0","0.46","86","8859","0.77","3.0","51.1","64.5","37.7"
"USC00247560","SIDNEY, MT US","1967-06","32","0","0","40","0","0.0","0.60","88","8975","2.67","0.0","61.9","74.1","49.7"
"USC00247560","SIDNEY, MT US","1967-07","171","0","0","35","0","0.0","0.86","93","45","1.83","0.0","68.0","84.0","52.0"
"USC00247560","SIDNEY, MT US","1967-08","269","0","0","37","0","0.0","0.48","94","76","0.60","0.0","67.2","84.3","50.1"
"USC00247560","SIDNEY, MT US","1967-09","312","0","0","26","0","0.0","0.42","94","238","1.41","0.0","61.0","76.5","45.6"
"USC00247560","SIDNEY, MT US","1967-10","312","0","0","16","0","0.0","0.48","74","839","1.21","0.0","45.6","57.4","33.8"
"USC00247560","SIDNEY, MT US","1967-11","312","5","3","1","1","2.0","0.18","59","1855","0.39","4.0","31.1","41.6","20.6"
"USC00247560","SIDNEY, MT US","1967-12","312","20","4","-34","6","4.0","0.20","50","3395","0.50","10.6","15.3","26.8","3.8"
"USC00247560","SIDNEY, MT US","1968-01","0","27","3","-32","7","3.0","0.12","55","5033","0.30","7.6","12.2","23.7","0.6"
"USC00247560","SIDNEY, MT US","1968-02","0","24","1","-11","3","2.3","0.10","59","6370","0.18","2.9","18.9","29.9","7.9"
"USC00247560","SIDNEY, MT US","1968-03","0","0","0","4","0","0.4","0.05","73","7233","0.09","0.7","37.1","51.1","23.2"
"USC00247560","SIDNEY, MT US","1968-04","0","2","1","8","2","1.5","0.15","88","7918","0.43","1.5","42.2","57.8","26.6"
"USC00247560","SIDNEY, MT US","1968-05","0","0","1","20","0","6.0","0.67","83","8307","1.54","6.0","52.5","67.2","37.8"
"USC00247560","SIDNEY, MT US","1968-06","28","0","0","39","0","0.0","1.37","94","8462","4.05","0.0","60.7","72.5","48.9"
"USC00247560","SIDNEY, MT US","1968-07","151","0","0","36","0","0.0","0.28","99","36","0.81","0.0","67.8","84.0","51.6"
"USC00247560","SIDNEY, MT US","1968-08","211","0","0","41","0","0.0","1.92","91","125","3.97","0.0","64.1","76.7","51.5"
"USC00247560","SIDNEY, MT US","1968-09","221","0","0","31","0","0.0","0.16","87","338","0.49","0.0","58.2","72.7","43.8"
"USC00247560","SIDNEY, MT US","1968-10","221","0","0","16","0","0.0","0.10","78","916","0.26","0.0","46.3","59.9","32.7"
"USC00247560","SIDNEY, MT US","1968-11","221","6","3","4","4","3.0","0.15","61","1909","0.41","6.0","31.9","42.1","21.7"
"USC00247560","SIDNEY, MT US","1968-12","221","22","6","-34","12","7.0","0.42","44","3653","0.94","17.7","8.7","18.5","-1.0"
"USC00247560","SIDNEY, MT US","1969-01","0","31","6","-36","14","2.0","0.13","41","5765","0.60","11.3","-3.1","6.9","-13.1"
"USC00247560","SIDNEY, MT US","1969-02","0","28","2","-26","17","4.0","0.13","37","7203","0.26","7.7","13.6","24.2","3.0"
"USC00247560","SIDNEY, MT US","1969-03","0","31","1","-16","14","1.3","0.07","68","8512","0.23","3.4","22.8","34.1","11.4"
"USC00247560","SIDNEY, MT US","1969-04","2","0","0","23","0","0.0","0.62","84","8961","1.50","0.0","50.1","64.7","35.5"
"USC00247560","SIDNEY, MT US","1969-05","28","0","0","27","0","0.0","0.35","96","9269","0.77","0.0","55.9","71.3","40.5"
"USC00247560","SIDNEY, MT US","1969-06","45","0","0","34","0","0.0","1.87","88","9461","5.42","0.0","59.2","72.4","45.9"
"USC00247560","SIDNEY, MT US","1969-07","145","0","0","45","0","0.0","1.92","92","22","4.38","0.0","67.5","80.2","54.8"
"USC00247560","SIDNEY, MT US","1969-08","347","0","0","39","0","0.0","0.16","100","41","0.36","0.0","70.9","88.6","53.2"
"USC00247560","SIDNEY, MT US","1969-09","375","0","0","35","0","0.0","0.20","94","207","0.45","0.0","60.4","76.0","44.8"
"USC00247560","SIDNEY, MT US","1969-10","375","0","1","14","0","1.0","0.19","72","971","0.48","1.0","40.4","50.7","30.1"
"USC00247560","SIDNEY, MT US","1969-11","375","0","0","-2","0","0.0","0.09","69","1918","0.10","0.0","33.4","45.5","21.4"
"USC00247560","SIDNEY, MT US","1969-12","375","15","4","-5","6","4.0","0.26","59","3269","0.58","9.6","21.4","31.0","11.7"
"USC00247560","SIDNEY, MT US","1970-01","0","31","3","-39","9","2.0","0.19","44","5076","0.68","7.4","6.7","15.7","-2.2"
"USC00247560","SIDNEY, MT US","1970-02","0","24","0","-17","6","0.4","0.02","49","6302","0.02","0.4","21.2","33.1","9.3"
"USC00247560","SIDNEY, MT US","1970-03","0","2","2","-5","1","1.5","0.17","52","7565","0.39","3.5","24.3","35.1","13.4"
"USC00247560","SIDNEY, MT US","1970-04","0","13","5","9","9","9.0","0.74","77","8358","2.85","17.0","38.6","47.8","29.3"
"USC00247560","SIDNEY, MT US","1970-05","2","0","0","25","0","0.0","0.93","89","8702","3.08","0.0","54.0","66.6","41.4"
"USC00247560","SIDNEY, MT US","1970-06","108","0","0","39","0","0.0","0.82","96","8738","1.81","0.0","67.3","81.9","52.7"
"USC00247560","SIDNEY, MT US","1970-07","315","0","0","47","0","0.0","0.86","97","6","2.44","0.0","71.5","85.7","57.3"
"USC00247560","SIDNEY, MT US","1970-08","477","0","0","40","0","0.0","0.04","96","20","0.05","0.0","69.8","86.5","53.0"
"USC00247560","SIDNEY, MT US","1970-09","492","0","0","24","0","0.0","0.95","92","305","2.27","0.0","56.0","70.0","42.1"
"USC00247560","SIDNEY, MT US","1970-10","492","1","3","18","2","3.0","0.39","83","1014","0.91","6.0","42.1","54.6","29.7"
"USC00247560","SIDNEY, MT US","1970-11","492","10","4","-8","4","4.0","0.23","56","2152","0.70","10.7","27.0","34.8","19.3"
"USC00247560","SIDNEY, MT US","1970-12","492","27","2","-23","5","2.4","0.10","44","3745","0.24","5.2","13.6","25.6","1.6"
"USC00247560","SIDNEY, MT US","1971-01","0","31","7","-31","10","3.0","0.15","39","5560","0.65","13.6","6.5","16.6","-3.6"
"USC00247560","SIDNEY, MT US","1971-02","0","28","3","-30","11","3.0","0.16","46","6885","0.33","6.1","17.7","27.7","7.7"
"USC00247560","SIDNEY, MT US","1971-03","0","9","0","0","2","0.9","0.63","65","7983","0.81","1.6","29.6","40.5","18.7"
"USC00247560","SIDNEY, MT US","1971-04","0","0","0","16","0","0.0","0.22","82","8640","0.87","0.0","43.1","56.1","30.1"
"USC00247560","SIDNEY, MT US","1971-05","4","0","1","28","0","1.0","0.57","87","8965","1.48","1.0","54.6","70.3","39.0"
"USC00247560","SIDNEY, MT US","1971-06","71","0","0","42","0","0.0","0.56","89","9022","2.50","0.0","65.4","78.0","52.7"
"USC00247560","SIDNEY, MT US","1971-07","160","0","0","40","0","0.0","0.18","95","42","0.33","0.0","66.5","82.2","50.8"
"USC00247560","SIDNEY, MT US","1971-08","401","0","0","41","0","0.0","0.10","100","52","0.16","0.0","72.4","88.9","55.9"
"USC00247560","SIDNEY, MT US","1971-09","411","0","0","32","0","0.0","2.52","90","357","3.57","0.0","55.2","68.4","42.0"
"USC00247560","SIDNEY, MT US","1971-10","411","1","1","10","1","2.0","1.59","76","1018","3.81","2.0","43.7","55.2","32.1"
"USC00247560","SIDNEY, MT US","1971-11","411","3","2","0","2","2.0","0.24","60","2024","0.45","3.3","31.5","40.8","22.2"
"USC00247560","SIDNEY, MT US","1971-12","411","27","4","-16","5","2.5","0.17","43","3704","0.46","8.2","10.8","21.4","0.2"
"USC00247560","SIDNEY, MT US","1972-01","0","31","5","-31","10","2.8","0.13","48","5524","0.53","11.9","6.3","16.1","-3.5"
"USC00247560","SIDNEY, MT US","1972-02","0","29","7","-20","15","5.0","0.25","52","7099","1.13","20.0","10.7","21.1","0.3"
"USC00247560","SIDNEY, MT US","1972-03","0","20","3","-23","17","4.0","0.27","65","8225","0.82","7.6","28.7","40.2","17.1"
"USC00247560","SIDNEY, MT US","1972-04","0","0","1","15","0","1.0","0.38","72","8876","1.07","1.0","43.3","55.9","30.7"
"USC00247560","SIDNEY, MT US","1972-05","27","0","0","23","0","0.0","1.16","96","9172","4.44","0.0","56.3","68.0","44.6"
"USC00247560","SIDNEY, MT US","1972-06","97","0","0","35","0","0.0","0.81","91","9218","2.00","0.0","65.8","79.0","52.6"
"USC00247560","SIDNEY, MT US","1972-07","154","0","0","39","0","0.0","0.94","92","89","2.80","0.0","64.0","78.0","50.0"
"USC00247560","SIDNEY, MT US","1972-08","303","0","0","43","0","0.0","1.13","99","119","2.57","0.0","68.8","83.0","54.7"
"USC00247560","SIDNEY, MT US","1972-09","316","1","1","27","3","3.0","0.70","89","463","1.24","3.0","54.0","67.0","40.9"
"USC00247560","SIDNEY, MT US","1972-10","316","3","1","1","5","5.0","0.40","75","1198","0.56","5.5","41.3","54.2","28.4"
"USC00247560","SIDNEY, MT US","1972-11","316","0","0","7","0","0.2","0.05","51","2256","0.09","0.3","29.7","37.5","22.0"
"USC00247560","SIDNEY, MT US","1972-12","316","24","4","-30","7","4.0","0.16","47","3956","0.78","11.5","10.2","20.6","-0.2"
"USC00247560","SIDNEY, MT US","1973-01","0","19","1","-22","4","1.0","0.06","53","5353","0.07","1.2","19.9","29.7","10.2"
"USC00247560","SIDNEY, MT US","1973-02","0","8","2","-21","4","4.0","0.21","58","6493","0.28","6.1","24.3","34.9","13.7"
"USC00247560","SIDNEY, MT US","1973-03","0","0","1","12","0","2.0","0.10","68","7322","0.27","2.0","38.3","51.5","25.1"
"USC00247560","SIDNEY, MT US","1973-04","0","0","0","9","0","0.5","0.69","77","8005","1.99","0.5","42.2","55.3","29.2"
"USC00247560","SIDNEY, MT US","1973-05","6","0","0","26","0","0.0","0.27","89","8303","0.91","0.0","55.6","70.8","40.3"
"USC00247560","SIDNEY, MT US","1973-06","62","0","0","37","0","0.0","2.97","90","8380","4.96","0.0","64.3","77.8","50.8"
"USC00247560","SIDNEY, MT US","1973-07","174","0","0","44","0","0.0","0.50","93","9","0.95","0.0","68.3","83.4","53.2"
"USC00247560","SIDNEY, MT US","1973-08","384","0","0","45","0","0.0","0.19","97","13","0.70","0.0","71.7","87.4","55.9"
"USC00247560","SIDNEY, MT US","1973-09","388","0","0","30","0","0.0","1.79","82","291","3.90","0.0","55.9","68.5","43.2"
"USC00247560","SIDNEY, MT US","1973-10","388","0","0","21","0","0.0","0.17","81","818","0.27","0.0","48.0","62.0","34.0"
"USC00247560","SIDNEY, MT US","1973-11","388","25","5","-4","5","4.0","0.19","59","2090","0.69","12.6","22.6","33.7","11.5"
"USC00247560","SIDNEY, MT US","1973-12","388","30","3","-30","8","4.0","0.26","44","3597","0.55","9.5","16.4","25.8","6.9"
"USC00247560","SIDNEY, MT US","1974-01","0","29","3","-35","8","2.2","0.12","49","5271","0.26","5.1","11.0","22.7","-0.7"
"USC00247560","SIDNEY, MT US","1974-02","0","9","1","-8","2","1.5","0.08","57","6377","0.21","2.5","25.5","36.8","14.3"
"USC00247560","SIDNEY, MT US","1974-03","0","5","6","-10","3","2.0","0.27","61","7447","0.93","9.3","29.4","41.0","17.8"
"USC00247560","SIDNEY, MT US","1974-04","2","0","1","20","0","1.0","0.12","87","8055","0.54","1.0","44.8","58.9","30.8"
"USC00247560","SIDNEY, MT US","1974-05","2","0","1","26","0","1.0","1.27","78","8510","3.75","1.0","50.3","62.9","37.8"
"USC00247560","SIDNEY, MT US","1974-06","83","0","0","37","0","0.0","1.56","94","8595","2.48","0.0","64.9","80.9","48.8"
"USC00247560","SIDNEY, MT US","1974-07","323","0","0","42","0","0.0","0.18","100","6","0.57","0.0","72.5","88.1","56.9"
"USC00247560","SIDNEY, MT US","1974-08","357","0","0","36","0","0.0","0.99","93","103","2.33","0.0","63.0","76.9","49.0"
"USC00247560","SIDNEY, MT US","1974-09","359","0","0","20","0","0.0","0.20","83","438","0.26","0.0","53.9","69.0","38.8"
"USC00247560","SIDNEY, MT US","1974-10","359","0","0","15","0","0.0","0.61","80","965","0.68","0.0","48.0","64.1","31.8"
"USC00247560","SIDNEY, MT US","1974-11","359","8","2","-1","5","5.0","0.37","56","1996","0.73","9.0","30.6","41.2","20.0"
"USC00247560","SIDNEY, MT US","1974-12","359","8","2","0","2","2.0","0.08","51","3242","0.22","3.2","24.8","35.0","14.6"
"USC00247560","SIDNEY, MT US","1975-01","0","1","1","-17","1","1.0","0.04","44","4668","0.12","1.8","19.0","30.1","7.9"
"USC00247560","SIDNEY, MT US","1975-02","0","13","3","-17","3","2.0","0.09","48","6060","0.28","6.0","15.3","26.6","4.0"
"USC00247560","SIDNEY, MT US","1975-03","0","11","6","-20","19","8.0","0.46","62","7330","1.22","22.9","24.0","36.9","11.1"
"USC00247560","SIDNEY, MT US","1975-04","0","15","3","-17","18","5.0","0.82","65","8204","2.25","8.0","35.9","45.2","26.5"
"USC00247560","SIDNEY, MT US","1975-05","2","0","0","31","0","0.0","0.52","85","8550","2.09","0.0","53.9","66.3","41.5"
"USC00247560","SIDNEY, MT US","1975-06","43","0","0","39","0","0.0","1.16","90","8655","4.22","0.0","62.9","76.6","49.1"
"USC00247560","SIDNEY, MT US","1975-07","295","0","0","45","0","0.0","0.40","100","0","1.15","0.0","73.1","87.3","58.9"
"USC00247560","SIDNEY, MT US","1975-08","360","0","0","37","0","0.0","0.67","94","60","1.02","0.0","65.2","79.8","50.5"
"USC00247560","SIDNEY, MT US","1975-09","361","0","0","30","0","0.0","0.39","88","354","1.09","0.0","55.2","69.8","40.6"
"USC00247560","SIDNEY, MT US","1975-10","361","1","1","17","2","4.0","0.80","85","974","1.30","4.0","45.0","57.1","32.9"
"USC00247560","SIDNEY, MT US","1975-11","361","9","6","-14","11","4.0","0.33","69","2039","0.99","12.2","29.5","40.6","18.4"
"USC00247560","SIDNEY, MT US","1975-12","361","31","5","-25","14","7.0","0.62","45","3481","0.93","13.9","18.5","29.6","7.4"
"USC00247560","SIDNEY, MT US","1976-01","0","31","5","-32","19","4.0","0.28","44","5076","0.64","10.0","13.5","24.9","2.2"
"USC00247560","SIDNEY, MT US","1976-02","0","23","1","-6","10","1.0","0.05","60","6135","0.09","2.0","28.5","39.1","17.8"
"USC00247560","SIDNEY, MT US","1976-03","0","8","3","-15","3","2.0","0.11","70","7257","0.35","6.4","28.8","41.5","16.1"
"USC00247560","SIDNEY, MT US","1976-04","0","0","1","14","0","1.5","0.80","80","7799","2.19","1.5","46.9","61.4","32.5"
"USC00247560","SIDNEY, MT US","1976-05","4","0","0","21","0","0.0","1.24","83","8043","2.02","0.0","57.2","73.7","40.7"
"USC00247560","SIDNEY, MT US","1976-06","86","0","0","39","0","0.0","1.05","94","8128","3.34","0.0","64.9","77.6","52.2"
"USC00247560","SIDNEY, MT US","1976-07","263","0","0","42","0","0.0","0.31","97","10","0.74","0.0","70.4","85.0","55.8"
"USC00247560","SIDNEY, MT US","1976-08","428","0","0","39","0","0.0","2.39","100","19","3.30","0.0","70.0","85.3","54.8"
"USC00247560","SIDNEY, MT US","1976-09","465","0","0","22","0","0.0","0.10","100","201","0.26","0.0","60.2","78.2","42.1"
"USC00247560","SIDNEY, MT US","1976-10","465","1","2","12","2","2.5","0.16","85","899","0.41","5.0","42.5","55.5","29.5"
"USC00247560","SIDNEY, MT US","1976-11","465","6","2","-15","3","2.5","0.21","63","2071","0.33","3.5","26.0","38.5","13.4"
"USC00247560","SIDNEY, MT US","1976-12","465","31","5","-20","7","3.0","0.19","48","3526","0.73","12.3","18.0","29.9","6.2"
"USC00247560","SIDNEY, MT US","1977-01","0","31","5","-32","12","2.5","0.14","34","5465","0.61","10.5","2.4","14.0","-9.1"
"USC00247560","SIDNEY, MT US","1977-02","0","19","2","-10","11","2.0","0.21","52","6481","0.33","3.7","28.7","37.2","20.3"
"USC00247560","SIDNEY, MT US","1977-03","0","0","0","6","0","0.0","0.03","65","7417","0.03","0.0","34.8","48.1","21.5"
"USC00247560","SIDNEY, MT US","1977-04","0","0","2","10","0","1.0","0.04","86","7893","0.07","2.0","49.1","67.7","30.5"
"USC00247560","SIDNEY, MT US","1977-05","73","0","0","32","0","0.0","0.43","93","8034","1.38","0.0","62.8","77.7","47.8"
"USC00247560","SIDNEY, MT US","1977-06","177","0","0","45","0","0.0","1.55","94","8072","2.11","0.0","67.2","80.7","53.7"
"USC00247560","SIDNEY, MT US","1977-07","358","0","0","44","0","0.0","0.25","98","9","0.36","0.0","70.6","84.8","56.3"
"USC00247560","SIDNEY, MT US","1977-08","376","0","0","36","0","0.0","0.69","92","129","1.00","0.0","61.7","75.4","48.0"
"USC00247560","SIDNEY, MT US","1977-09","381","0","0","36","0","0.0","0.83","86","390","2.26","0.0","56.5","68.0","44.9"
"USC00247560","SIDNEY, MT US","1977-10","381","0","0","24","0","0.5","0.57","76","950","1.00","0.5","46.9","59.7","34.2"
"USC00247560","SIDNEY, MT US","1977-11","381","12","5","-18","8","3.0","0.23","62","2111","0.84","11.2","26.3","38.1","14.5"
"USC00247560","SIDNEY, MT US","1977-12","381","31","5","-37","12","4.0","0.25","46","3762","0.80","14.8","11.7","21.1","2.4"
"USC00247560","SIDNEY, MT US","1978-01","0","31","0","-31","12","0.8","0.04","30","5743","0.15","2.3","1.1","11.0","-8.8"
"USC00247560","SIDNEY, MT US","1978-02","0","28","3","-21","15","2.5","0.14","41","7281","0.36","7.4","10.1","19.1","1.0"
"USC00247560","SIDNEY, MT US","1978-03","0","20","2","-22","13","2.0","0.15","80","8346","0.36","5.0","30.6","41.3","20.0"
"USC00247560","SIDNEY, MT US","1978-04","0","0","0","18","0","0.0","0.17","72","8938","0.39","0.0","45.2","56.7","33.8"
"USC00247560","SIDNEY, MT US","1978-05","18","0","0","36","0","0.0","1.31","88","9197","6.14","0.0","57.2","70.4","44.0"
"USC00247560","SIDNEY, MT US","1978-06","73","0","0","38","0","0.0","0.95","88","9274","3.10","0.0","64.3","78.3","50.2"
"USC00247560","SIDNEY, MT US","1978-07","193","0","0","45","0","0.0","0.48","95","16","1.59","0.0","68.4","82.3","54.4"
"USC00247560","SIDNEY, MT US","1978-08","290","0","0","37","0","0.0","0.19","96","54","0.48","0.0","66.9","83.7","50.1"
"USC00247560","SIDNEY, MT US","1978-09","362","0","0","32","0","0.0","1.07","99","255","3.61","0.0","60.7","74.9","46.5"
"USC00247560","SIDNEY, MT US","1978-10","362","0","0","21","0","0.0","0.04","76","805","0.06","0.0","47.2","60.7","33.7"
"USC00247560","SIDNEY, MT US","1978-11","362","22","5","-18","9","4.0","0.31","70","2057","1.15","14.4","23.3","34.1","12.5"
"USC00247560","SIDNEY, MT US","1978-12","362","31","4","-27","15","5.0","0.36","42","3730","0.67","11.2","11.0","21.1","1.0"
"USC00247560","SIDNEY, MT US","1979-01","0","31","1","-30","14","1.0","0.05","35","5780","0.13","2.6","-1.1","9.2","-11.5"
"USC00247560","SIDNEY, MT US","1979-02","0","28","7","-35","25","5.3","0.25","39","7489","0.90","17.2","3.9","16.9","-9.0"
"USC00247560","SIDNEY, MT US","1979-03","0","31","3","-14","23","6.0","0.38","47","8705","0.73","11.5","25.8","36.7","14.8"
"USC00247560","SIDNEY, MT US","1979-04","0","11","3","4","12","10.0","0.55","73","9512","1.79","18.6","38.1","48.8","27.4"
"USC00247560","SIDNEY, MT US","1979-05","15","0","0","22","0","0.0","0.45","91","9949","1.47","0.0","51.4","64.3","38.4"
"USC00247560","SIDNEY, MT US","1979-06","86","0","0","36","0","0.0","0.61","102","10006","1.27","0.0","65.5","80.8","50.2"
"USC00247560","SIDNEY, MT US","1979-07","264","0","0","46","0","0.0","0.59","99","7","2.70","0.0","70.5","84.9","56.1"
"USC00247560","SIDNEY, MT US","1979-08","362","0","0","40","0","0.0","0.13","91","45","0.24","0.0","67.0","82.2","51.8"
"USC00247560","SIDNEY, MT US","1979-09","389","0","0","34","0","0.0","0.64","92","195","1.01","0.0","60.9","77.7","44.2"
"USC00247560","SIDNEY, MT US","1979-10","389","0","0","18","0","0.0","0.24","78","703","0.32","0.0","48.6","61.6","35.6"
"USC00247560","SIDNEY, MT US","1979-11","389","9","3","4","3","3.0","0.16","63","1851","0.31","5.5","26.7","37.4","16.1"
"USC00247560","SIDNEY, MT US","1979-12","389","5","1","-17","2","2.0","0.06","68","3054","0.08","2.0","26.2","39.4","12.9"
"USC00247560","SIDNEY, MT US","1980-01","0","30","5","-26","10","6.0","0.44","44","4758","0.76","12.9","10.1","21.5","-1.4"
"USC00247560","SIDNEY, MT US","1980-02","0","25","1","-12","4","3.0","0.14","56","6104","0.28","5.5","18.6","30.0","7.2"
"USC00247560","SIDNEY, MT US","1980-03","0","4","1","-6","2","1.0","0.04","61","7225","0.13","1.6","28.8","42.9","14.7"
"USC00247560","SIDNEY, MT US","1980-04","3","0","1","20","0","3.0","0.16","95","7668","0.37","3.4","50.4","69.1","31.6"
"USC00247560","SIDNEY, MT US","1980-05","87","0","0","24","0","0.0","0.20","102","7885","0.27","0.0","60.7","77.8","43.5"
"USC00247560","SIDNEY, MT US","1980-06","162","0","0","39","0","0.0","0.74","94","7930","1.92","0.0","66.0","80.4","51.6"
"USC00247560","SIDNEY, MT US","1980-07","353","0","0","43","0","0.0","0.25","101","4","0.74","0.0","71.0","87.6","54.4"
"USC00247560","SIDNEY, MT US","1980-08","423","0","0","38","0","0.0","1.58","89","72","2.91","0.0","65.1","79.2","51.0"
"USC00247560","SIDNEY, MT US","1980-09","439","0","0","33","0","0.0","0.30","96","300","1.46","0.0","57.9","72.9","43.0"
"USC00247560","SIDNEY, MT US","1980-10","439","0",,"19","0",,"1.02","85","842","1.94",,"47.5","60.3","34.8"
"USC00247560","SIDNEY, MT US","1980-11","439","0","1","8","0","2.0","0.43","69","1707","0.49","2.0","36.2","47.3","25.1"
"USC00247560","SIDNEY, MT US","1980-12","439","12","6","-32","7","3.0","0.20","57","3130","0.63","10.5","19.1","29.3","8.8"
"USC00247560","SIDNEY, MT US","1981-01","0","0","1","1","0","1.0","0.02","55","4321","0.04","1.0","26.6","36.6","16.6"
"USC00247560","SIDNEY, MT US","1981-02","0","13","3","-21","2","1.0","0.08","60","5431","0.20","3.5","25.4","36.7","14.1"
"USC00247560","SIDNEY, MT US","1981-03","0","0","0","11","0","0.0","0.12","69","6244","0.12","0.0","38.8","55.8","21.7"
"USC00247560","SIDNEY, MT US","1981-04","0","0","0","21","0","0.0","0.33","86","6666","1.09","0.0","50.9","68.1","33.8"
"USC00247560","SIDNEY, MT US","1981-05","7","0","0","24","0","0.0","0.14","86","6898","0.58","0.0","57.7","72.2","43.2"
"USC00247560","SIDNEY, MT US","1981-06","47","0","0","42","0","0.0","0.64","93","6999","3.19","0.0","63.0","77.0","48.9"
"USC00247560","SIDNEY, MT US","1981-07","278","0","0","42","0","0.0","0.85","103","8","2.54","0.0","72.2","88.3","56.0"
"USC00247560","SIDNEY, MT US","1981-08","479","0","0","48","0","0.0","1.29","96","8","2.58","0.0","71.5","87.4","55.6"
"USC00247560","SIDNEY, MT US","1981-09","517","0","0","31","0","0.0","0.25","93","170","0.61","0.0","60.9","78.3","43.4"
"USC00247560","SIDNEY, MT US","1981-10","517","0","0","7","0","0.1","0.31","78","723","0.76","0.1","46.1","59.5","32.8"
"USC00247560","SIDNEY, MT US","1981-11","517","10","3","13","2","1.0","0.24","67","1568","0.40","3.1","36.8","48.5","25.1"
"USC00247560","SIDNEY, MT US","1981-12","517","23","5","-20","5","2.0","0.16","49","2992","0.56","9.1","19.1","27.9","10.2"
"USC00247560","SIDNEY, MT US","1982-01","0","31","10","-35","16","3.0","0.20","41","5043","0.86","17.0","-3.3","10.0","-16.5"
"USC00247560","SIDNEY, MT US","1982-02","0","28","4","-34","19","5.0","0.12","62","6475","0.33","11.0","13.9","26.5","1.2"
"USC00247560","SIDNEY, MT US","1982-03","0","21","4","-12","12","3.0","0.79","55","7632","1.78","8.8","27.6","38.8","16.5"
"USC00247560","SIDNEY, MT US","1982-04","0","6","1","1","4","5.0",,"80","8340",,"5.5","41.4","56.0","26.8"
"USC00247560","SIDNEY, MT US","1982-05","2","0","0","25","0","0.0","0.49","90","8682","2.33","0.0","54.0","66.9","41.2"
"USC00247560","SIDNEY, MT US","1982-06","44","0","0","36","0","0.0","0.91","91","8772","2.39","0.0","63.2","78.2","48.2"
"USC00247560","SIDNEY, MT US","1982-07","212","0","0","47","0","0.0","0.91","97","5","2.14","0.0","70.3","85.4","55.1"
"USC00247560","SIDNEY, MT US","1982-08","397","0","0","37","0","0.0","0.67","96","51","1.76","0.0","69.5","86.0","52.9"
"USC00247560","SIDNEY, MT US","1982-09","422","0","0","30","0","0.0","1.27","91","296","1.81","0.0","57.7","73.9","41.5"
"USC00247560","SIDNEY, MT US","1982-10","422","0","0","20","0","0.0","1.54","76","873","3.19","0.0","46.4","59.2","33.6"
"USC00247560","SIDNEY, MT US","1982-11","422","0","0","-2","0","0.3","0.06","54","1998","0.16","0.3","27.5","38.6","16.4"
"USC00247560","SIDNEY, MT US","1982-12","422","30","4","-12","7","4.5","0.47","45","3340","1.06","11.5","20.3","30.5","10.1"
"USC00247560","SIDNEY, MT US","1983-01","0","31","1","-17","6","2.0","0.12","50","4605","0.19","2.2","24.2","33.1","15.3"
"USC00247560","SIDNEY, MT US","1983-02","0","13","2","-5","4","1.5","0.04","54","5594","0.06","2.5","29.7","40.0","19.4"
"USC00247560","SIDNEY, MT US","1983-03","0","6","1","8","7","1.0","0.75","61","6581","0.88","1.2","33.2","42.3","24.1"
"USC00247560","SIDNEY, MT US","1983-04","0","0","0","12","0","0.0","0.02","78","7240","0.04","0.0","43.0","59.3","26.8"
"USC00247560","SIDNEY, MT US","1983-05","8","2","2","25","10","13.0","0.95","91","7604","1.31","14.0","53.5","69.7","37.3"
"USC00247560","SIDNEY, MT US","1983-06","82","0","0","35","0","0.0","0.92","95","7698","1.72","0.0","64.3","80.4","48.2"
"USC00247560","SIDNEY, MT US","1983-07","347","0","0","45","0","0.0","0.92","101","2","1.86","0.0","73.5","89.3","57.6"
"USC00247560","SIDNEY, MT US","1983-08","688","0","0","47","0","0.0","0.05","102","2","0.22","0.0","76.0","92.9","59.2"
"USC00247560","SIDNEY, MT US","1983-09","739","0","0","22","0","0.0","0.18","100","277","0.42","0.0","57.6","72.1","43.0"
"USC00247560","SIDNEY, MT US","1983-10","739","0","0","24","0","0.0","0.13","77","745","0.32","0.0","48.4","63.8","33.1"
"USC00247560","SIDNEY, MT US","1983-11","739","7","3","-2","2","1.5","0.07","70","1703","0.26","4.0","33.1","42.5","23.6"
"USC00247560","SIDNEY, MT US","1983-12","739","31","2","-40","7","1.0","0.08","31","3732","0.61","7.2","-0.5","8.5","-9.4"
"USC00247560","SIDNEY, MT US","1984-01","0","27","1","-29","6","3.0","0.27","51","5133","0.69","3.9","19.8","29.7","9.9"
"USC00247560","SIDNEY, MT US","1984-02","0","0",,"0","0",,"0.03","59","6063","0.07",,"33.0","45.0","20.9"
"USC00247560","SIDNEY, MT US","1984-03","0","1","1","-5","1","1.0","0.17","68","7127","0.35","2.4","30.6","42.9","18.4"
"USC00247560","SIDNEY, MT US","1984-04","0","2","0","20","13","0.0","0.62","77","7684","0.76","0.0","46.4","63.1","29.7"
"USC00247560","SIDNEY, MT US","1984-05","38","0","0","19","0","0.0","0.32","98","7978","0.42","0.0","56.7","74.2","39.3"
"USC00247560","SIDNEY, MT US","1984-06","98","0","0","37","0","0.0","1.37","89","8053","4.24","0.0","64.5","78.3","50.7"
"USC00247560","SIDNEY, MT US","1984-07","332","0","0","44","0","0.0","0.61","102","1","0.61","0.0","72.5","89.7","55.3"
"USC00247560","SIDNEY, MT US","1984-08","630","0","0","39","0","0.0","0.33","101","13","0.79","0.0","74.2","90.6","57.9"
"USC00247560","SIDNEY, MT US","1984-09","639","1","2","24","4","9.0","0.38","87","399","1.39","11.0","52.4","66.1","38.7"
"USC00247560","SIDNEY, MT US","1984-10","639","0","3","3","0","2.0","0.09","78","1056","0.22","4.0","43.8","56.7","31.0"
"USC00247560","SIDNEY, MT US","1984-11","639","5","1","-5","3","3.5","0.11","66","2094","0.13","3.5","30.4","42.7","18.0"
"USC00247560","SIDNEY, MT US","1984-12","639","28","6","-21","6","1.0","0.10","48","3832","0.52","6.5","8.9","19.6","-1.7"
"USC00247560","SIDNEY, MT US","1985-01","0","31","1","-25","6","1.0","0.05","42","5367","0.09","2.1","13.5","23.5","3.5"
"USC00247560","SIDNEY, MT US","1985-02","0","14","1","-25","2","1.0","0.05","53","6699","0.07","1.0","17.4","29.4","5.5"
"USC00247560","SIDNEY, MT US","1985-03","0","7","4","6","4","7.0","0.33","68","7646","0.64","11.4","34.4","48.5","20.4"
"USC00247560","SIDNEY, MT US","1985-04","0","0","1","12","0","4.0","0.42","86","8115","1.29","4.0","49.4","65.4","33.3"
"USC00247560","SIDNEY, MT US","1985-05","56","0","0","30","0","0.0","0.55","90","8258","1.19","0.0","62.2","79.0","45.4"
"USC00247560","SIDNEY, MT US","1985-06","95","0","0","32","0","0.0","0.32","89","8388","0.50","0.0","62.0","78.2","45.7"
"USC00247560","SIDNEY, MT US","1985-07","305","0","0","45","0","0.0","0.82","98","11","1.47","0.0","71.4","88.4","54.4"
"USC00247560","SIDNEY, MT US","1985-08","398","0","0","40","0","0.0","0.41","92","65","1.54","0.0","66.3","80.7","51.9"
"USC00247560","SIDNEY, MT US","1985-09","411","0","0","19","0","0.0","0.72","84","413","1.27","0.0","53.8","65.4","42.3"
"USC00247560","SIDNEY, MT US","1985-10","411","6","2","10","10","9.0","0.95","76","1034","2.13","16.0","45.0","58.4","31.5"
"USC00247560","SIDNEY, MT US","1985-11","411","13","5","-24","9","4.5","0.27","63","2514","0.68","13.1","15.7","25.0","6.3"
"USC00247560","SIDNEY, MT US","1985-12","411","31","4","-27","12","4.5","0.25","42","4043","0.48","9.0","13.8","25.4","2.1"
"USC00247560","SIDNEY, MT US","1986-01","0","31","3","-2","10","3.0","0.16","47","5250","0.40","5.5","26.1","34.5","17.7"
"USC00247560","SIDNEY, MT US","1986-02","0","28","4","-35","16","4.0","0.23","49","6625","0.61","12.3","15.9","25.4","6.4"
"USC00247560","SIDNEY, MT US","1986-03","0","1","0","11","1","0.0","0.18","78","7332","0.38","0.0","42.2","55.1","29.2"
"USC00247560","SIDNEY, MT US","1986-04","0","4","3","-9","11","9.0","0.53","84","7952","1.36","12.5","44.3","58.9","29.8"
"USC00247560","SIDNEY, MT US","1986-05","29","0","0","26","0","0.0","1.35","96","8212","3.38","0.0","57.5","73.0","42.0"
"USC00247560","SIDNEY, MT US","1986-06","183","0","0","42","0","0.0","0.81","98","8223","2.34","0.0","69.8","85.8","53.7"
"USC00247560","SIDNEY, MT US","1986-07","313","0","0","46","0","0.0","1.83","92","10","4.35","0.0","68.8","84.5","53.2"
"USC00247560","SIDNEY, MT US","1986-08","438","0","0","41","0","0.0","0.11","96","42","0.43","0.0","68.0","85.3","50.7"
"USC00247560","SIDNEY, MT US","1986-09","438","0","0","34","0","0.0","1.00","78","372","3.37","0.0","54.0","64.8","43.1"
"USC00247560","SIDNEY, MT US","1986-10","438","0","0","19","0","0.0","0.14","74","900","0.35","0.0","48.0","61.3","34.7"
"USC00247560","SIDNEY, MT US","1986-11","438","24","5","-17","16","8.0","0.57","60","2085","1.32","20.6","25.5","34.6","16.4"
"USC00247560","SIDNEY, MT US","1986-12","438","14","1","-2","2","1.0","0.09","48","3281","0.14","1.0","26.4","36.2","16.6"
"USC00247560","SIDNEY, MT US","1987-01","0","2","0","-4","1","0.4","0.02","54","4507","0.07","0.9","25.4","34.8","16.1"
"USC00247560","SIDNEY, MT US","1987-02","0","2","2","8","1","1.0","0.04","54","5434","0.11","2.6","31.9","41.7","22.1"
"USC00247560","SIDNEY, MT US","1987-03","0","7","6","8","2","4.0","0.54","72","6374","1.06","12.6","34.7","44.6","24.7"
"USC00247560","SIDNEY, MT US","1987-04","8","0","0","24","0","0.0","0.53","90","6733","0.58","0.0","53.3","71.5","35.1"
"USC00247560","SIDNEY, MT US","1987-05","55","0","0","37","0","0.0","1.19","91","6858","3.22","0.0","62.5","77.9","47.0"
"USC00247560","SIDNEY, MT US","1987-06","199","0","0","43","0","0.0","2.46","95","6889","4.02","0.0","68.8","84.6","53.0"
"USC00247560","SIDNEY, MT US","1987-07","409","0","0","42","0","0.0","1.18","97","13","2.87","0.0","71.3","85.9","56.7"
"USC00247560","SIDNEY, MT US","1987-08","494","0","0","41","0","0.0","0.40","97","69","0.98","0.0","65.9","80.5","51.4"
"USC00247560","SIDNEY, MT US","1987-09","519","0","0","31","0","0.0","0.61","90","238","0.92","0.0","60.2","77.0","43.3"
"USC00247560","SIDNEY, MT US","1987-10","519","0","0","10","0","0.0","0.08","86","833","0.10","0.0","45.5","60.0","31.0"
"USC00247560","SIDNEY, MT US","1987-11","519","0","0","12","0","0.0","0.13","72","1667","0.21","0.0","37.2","50.2","24.2"
"USC00247560","SIDNEY, MT US","1987-12","519","1","0","-9","1","0.8","0.02","55","2870","0.05","1.3","26.2","37.3","15.1"
"USC00247560","SIDNEY, MT US","1988-01","0","21","4","-23","8","5.0","0.31","44","4513","0.56","13.2","12.0","25.1","-1.1"
"USC00247560","SIDNEY, MT US","1988-02","0","25","3","-29","7","3.0","0.24","62","5838","0.49","7.8","19.3","32.9","5.8"
"USC00247560","SIDNEY, MT US","1988-03","0","0","0","3","0","0.5","0.27","69","6702","0.58","0.5","37.1","51.4","22.8"
"USC00247560","SIDNEY, MT US","1988-04","0","0","0","15","0","0.0","0.13","84","7208","0.17","0.0","48.1","67.6","28.6"
"USC00247560","SIDNEY, MT US","1988-05","95","0","0","27","0","0.0","0.22","100","7327","0.80","0.0","64.2","82.1","46.4"
"USC00247560","SIDNEY, MT US","1988-06","493","0","0","46","0","0.0","0.48","105","7333","1.28","0.0","78.1","94.7","61.4"
"USC00247560","SIDNEY, MT US","1988-07","766","0","0","45","0","0.0","0.29","106","3","0.92","0.0","73.7","91.8","55.5"
"USC00247560","SIDNEY, MT US","1988-08","970","0","0","33","0","0.0","0.05","102","33","0.12","0.0","70.6","88.7","52.6"
"USC00247560","SIDNEY, MT US","1988-09","981","0","0","33","0","0.0","1.55","89","266","1.69","0.0","57.6","73.3","41.9"
"USC00247560","SIDNEY, MT US","1988-10","981","0","0","6","0","0.0","0.03","81","846","0.14","0.0","46.3","62.1","30.5"
"USC00247560","SIDNEY, MT US","1988-11","981","9","1","0","3","3.0","0.18","71","1881","0.38","3.7","30.5","41.7","19.3"
"USC00247560","SIDNEY, MT US","1988-12","981","13",,"-21","10",,,"59","3246",,,"21.0","31.1","10.8"
"USC00247560","SIDNEY, MT US","1989-01","0","31","5","-28","15","3.5","0.21","48","4704","0.56","11.5","18.0","29.5","6.4"
"USC00247560","SIDNEY, MT US","1989-02","0","28","2","-28","8","5.0","0.26","46","6336","0.43","8.0","6.7","17.5","-4.0"
"USC00247560","SIDNEY, MT US","1989-03","0","17","3","-20","10","2.0","0.11","65","7492","0.43","4.6","27.7","39.2","16.2"
"USC00247560","SIDNEY, MT US","1989-04","2","0","0","13","0","0.0","0.97","89","8056","2.50","0.0","46.3","60.7","31.8"
"USC00247560","SIDNEY, MT US","1989-05","17","0","0","25","0","0.0","0.58","90","8284","1.61","0.0","58.1","74.0","42.3"
"USC00247560","SIDNEY, MT US","1989-06","95","0","0","37","0","0.0","0.55","94","8357","1.40","0.0","65.2","81.8","48.5"
"USC00247560","SIDNEY, MT US","1989-07","422","0","0","51","0","0.0","0.19","104","0","0.64","0.0","75.5","91.4","59.6"
"USC00247560","SIDNEY, MT US","1989-08","624","0","0","40","0","0.0","0.64","99","23","1.25","0.0","70.8","86.5","55.1"
"USC00247560","SIDNEY, MT US","1989-09","643","0","0","25","0","0.0","0.30","91","208","0.36","0.0","59.5","77.2","41.8"
"USC00247560","SIDNEY, MT US","1989-10","643","0","1","18","0","2.0","1.75","87","722","2.00","2.0","48.4","63.6","33.2"
"USC00247560","SIDNEY, MT US","1989-11","643","2","3","0","1","1.0","0.12","66","1679","0.52","4.3","33.1","43.2","23.0"
"USC00247560","SIDNEY, MT US","1989-12","643","17","4","-34","3","2.0","0.13","55","3251","0.43","7.2","14.3","24.8","3.8"
"USC00247560","SIDNEY, MT US","1990-01","0","5","0","-16","2","0.5","0.04","52","4467","0.09","0.7","25.8","36.2","15.3"
"USC00247560","SIDNEY, MT US","1990-02","0","3","1","-25","1","1.0","0.04","55","5599","0.10","1.4","24.5","38.3","10.8"
"USC00247560","SIDNEY, MT US","1990-03","0","1","1","2","6","6.0","0.27","75","6482","0.37","6.1","36.5","52.3","20.7"
"USC00247560","SIDNEY, MT US","1990-04","3","2","2","12","1","1.5","0.35","91","7040","0.87","2.5","46.5","63.1","29.9"
"USC00247560","SIDNEY, MT US","1990-05","16","0","0","28","0","0.0","0.79","90","7306","1.90","0.0","56.4","71.7","41.0"
"USC00247560","SIDNEY, MT US","1990-06","129","0","0","39","0","0.0","0.71","97","7375","2.17","0.0","66.5","81.3","51.6"
"USC00247560","SIDNEY, MT US","1990-07","311","0","0","44","0","0.0","0.51","99","16","1.89","0.0","70.3","86.4","54.2"
"USC00247560","SIDNEY, MT US","1990-08","527","0","0","48","0","0.0","0.41","101","18","1.46","0.0","71.9","88.4","55.4"
"USC00247560","SIDNEY, MT US","1990-09","623","0","0","27","0","0.0","0.28","95","147","0.59","0.0","63.9","81.7","46.1"
"USC00247560","SIDNEY, MT US","1990-10","623","1","1","16","1","2.0","0.30","79","715","0.35","2.0","46.7","62.0","31.4"
"USC00247560","SIDNEY, MT US","1990-11","623","0","0","-1","0","0.3","0.08","66","1637","0.34","0.3","34.3","46.7","21.8"
"USC00247560","SIDNEY, MT US","1990-12","623","14","3","-29","7","4.0","0.12","53","3171","0.46","8.5","13.8","25.7","2.0"
"USC00247560","SIDNEY, MT US","1991-01","0","17","2","-22","5","2.0","0.07","50","4746","0.18","4.0","12.4","22.9","1.9"
"USC00247560","SIDNEY, MT US","1991-02","0","4","3","1","4","2.5","0.15","57","5643","0.39","5.6","33.0","44.1","21.8"
"USC00247560","SIDNEY, MT US","1991-03","0","4","3","0","5","3.0","0.09","71","6536","0.39","6.0","36.2","50.5","21.8"
"USC00247560","SIDNEY, MT US","1991-04","0","0","1","27","0","3.0","0.61","81","7005","1.77","3.0","48.8","62.4","35.1"
"USC00247560","SIDNEY, MT US","1991-05","42","0","0","25","0","0.0","0.74","89","7217","2.86","0.0","59.5","72.7","46.3"
"USC00247560","SIDNEY, MT US","1991-06","141","0","0","43","0","0.0","0.72","92","7233","5.17","0.0","67.8","80.5","55.1"
"USC00247560","SIDNEY, MT US","1991-07","376","0","0","47","0","0.0","0.90","100","1","1.70","0.0","72.6","88.3","56.8"
"USC00247560","SIDNEY, MT US","1991-08","664","0","0","47","0","0.0","0.62","98","4","1.29","0.0","74.2","90.3","58.1"
"USC00247560","SIDNEY, MT US","1991-09","713","0","0","27","0","0.0","2.92","97","204","6.41","0.0","59.5","73.1","45.9"
"USC00247560","SIDNEY, MT US","1991-10","713","5","3","0","2","2.0","0.25","79","865","0.39","4.5","43.7","57.5","29.9"
"USC00247560","SIDNEY, MT US","1991-11","713","3","1","-4","1","1.0","0.22","62","1945","0.40","1.3","29.0","39.0","19.0"
"USC00247560","SIDNEY, MT US","1991-12","713","4","1","-8","2","1.5","0.06","54","3119","0.07","1.5","27.1","39.1","15.1"
"USC00247560","SIDNEY, MT US","1992-01","0","13","2","-21","4","3.5","0.29","55","4281","0.52","6.7","27.5","39.2","15.9"
"USC00247560","SIDNEY, MT US","1992-02","0","4","1","4","3","3.0","0.09","68","5226","0.17","4.5","32.4","44.7","20.1"
"USC00247560","SIDNEY, MT US","1992-03","0","0","0","13","0","0.0","0.40","69","5975","0.63","0.0","40.2","55.2","25.1"
"USC00247560","SIDNEY, MT US","1992-04","7","0","1","15","0","2.0","1.49","85","6542","3.76","2.0","46.3","61.7","31.0"
"USC00247560","SIDNEY, MT US","1992-05","44","0","0","29","0","0.0","0.39","93","6736","1.07","0.0","59.9","77.0","42.9"
"USC00247560","SIDNEY, MT US","1992-06","115","0","0","34","0","0.0","1.08","92","6820","2.73","0.0","64.7","78.9","50.6"
"USC00247560","SIDNEY, MT US","1992-08",,"0","0","37","0","0.0","0.97","98",,"1.98","0.0","65.5","81.4","49.5"
"USC00247560","SIDNEY, MT US","1992-09",,"0","0","27","0","0.0","0.34","93",,"0.52","0.0","58.5","74.6","42.4"
"USC00247560","SIDNEY, MT US","1992-10",,"0","0","10","0","0.5","0.13","90",,"0.34","0.5","47.0","61.9","32.0"
"USC00247560","SIDNEY, MT US","1992-11",,"14","4","10","3","4.0","0.51","45",,"1.04","10.7","30.6","37.5","23.8"
"USC00247560","SIDNEY, MT US","1992-12",,"5","4","-29","5","2.5","0.10","45",,"0.25","6.4","15.9","27.0","4.8"
"USC00247560","SIDNEY, MT US","1993-01","0","31","2","-25","8","2.3","0.17","48",,"0.31","5.4","10.3","21.6","-1.1"
"USC00247560","SIDNEY, MT US","1993-02","0","19","3","-24","4","2.5","0.14","46",,"0.26","5.2","14.7","25.8","3.5"
"USC00247560","SIDNEY, MT US","1993-03","0","2","1","-2","2","1.0","0.49","77",,"0.74","1.2","37.1","49.5","24.7"
"USC00247560","SIDNEY, MT US","1993-04","0","0","0","21","0","0.0","0.05","77",,"0.09","0.0","46.7","63.0","30.3"
"USC00247560","SIDNEY, MT US","1993-05","18","0","0","31","0","0.0","1.10","90",,"2.06","0.0","58.7","74.1","43.2"
"USC00247560","SIDNEY, MT US","1993-06","54","0","0","39","0","0.0","1.88","93",,"3.42","0.0","61.2","74.6","47.9"
"USC00247560","SIDNEY, MT US","1993-07","94","0","0","43","0","0.0","2.37","86","74","9.12","0.0","63.9","75.6","52.2"
"USC00247560","SIDNEY, MT US","1993-08","178","0","0","41","0","0.0","0.74","91","134","2.10","0.0","65.7","79.5","52.0"
"USC00247560","SIDNEY, MT US","1993-09","183","0","0","24","0","0.0","0.19","87","420","0.43","0.0","55.7","71.7","39.6"
"USC00247560","SIDNEY, MT US","1993-10","183","0","0","8","0","0.0","0.30","82","1021","0.68","0.0","45.0","60.2","29.8"
"USC00247560","SIDNEY, MT US","1993-11","183","11","4","-5","9","4.0","0.25","61","2139","0.81","10.7","27.7","38.6","16.8"
"USC00247560","SIDNEY, MT US","1993-12","183","31","3","-10","6","2.5","0.22","46","3320","0.43","6.0","25.5","34.4","16.7"
"USC00247560","SIDNEY, MT US","1994-01","0","31","4","-28","10","2.5","0.15","43","5045","0.43","8.3","7.6","18.7","-3.6"
"USC00247560","SIDNEY, MT US","1994-02","0","28","3","-30","14","3.0","0.15","45","6623","0.38","8.1","8.6","21.1","-3.9"
"USC00247560","SIDNEY, MT US","1994-03","0","6","0","10","7","0.2","0.02","68","7454","0.06","0.4","38.2","50.8","25.6"
"USC00247560","SIDNEY, MT US","1994-04","10","0","0","14","0","0.5","0.36","89","7994","1.02","0.5","47.4","63.6","31.1"
"USC00247560","SIDNEY, MT US","1994-05","32","0","0","29","0","0.0","0.35","91","8176","1.73","0.0","59.8","75.7","44.0"
"USC00247560","SIDNEY, MT US","1994-06","110","0","0","40","0","0.0","1.88","93","8228","6.49","0.0","65.9","80.2","51.5"
"USC00247560","SIDNEY, MT US","1994-07","239","0","0","42","0","0.0","0.46","98","8","0.79","0.0","68.9","85.7","52.2"
"USC00247560","SIDNEY, MT US","1994-08","431","0","0","30","0","0.0","0.06","98","51","0.10","0.0","69.8","87.2","52.4"
"USC00247560","SIDNEY, MT US","1994-09","469","0","0","30","0","0.0","0.10","101","157","0.34","0.0","62.7","81.1","44.4"
"USC00247560","SIDNEY, MT US","1994-10","469","0","0","17","0","0.0","0.43","77","680","1.37","0.0","47.6","60.0","35.2"
"USC00247560","SIDNEY, MT US","1994-11","469","5","2","0","3","2.0","0.14","54","1696","0.22","3.0","31.1","43.7","18.5"
"USC00247560","SIDNEY, MT US","1994-12","469","29","3","-30","6","3.0","0.18","56","2946","0.53","8.4","20.0","31.1","9.0"
"USC00247560","SIDNEY, MT US","1995-01","0","31","3","-17","12","8.0","0.70","46","4544","1.00","10.5","13.5","24.9","2.0"
"USC00247560","SIDNEY, MT US","1995-02","0","21","0","-11","9","0.5","0.20","63","5575","0.25","1.2","26.3","38.3","14.4"
"USC00247560","SIDNEY, MT US","1995-03","0","8","3","-21","3","3.0","0.33","68","6566","0.98","6.8","31.3","44.8","17.7"
"USC00247560","SIDNEY, MT US","1995-04","0","1","1","10","2","2.0","0.40","69","7272","0.80","2.0","41.5","56.2","26.8"
"USC00247560","SIDNEY, MT US","1995-05","4","0","0","28","0","0.0","0.50","89","7614","2.76","0.0","54.1","69.3","38.8"
"USC00247560","SIDNEY, MT US","1995-06","163","0","0","37","0","0.0","0.62","99","7685","1.53","0.0","67.9","83.3","52.6"
"USC00247560","SIDNEY, MT US","1995-07","332","0","0","43","0","0.0","1.05","99","13","4.31","0.0","70.0","85.3","54.8"
"USC00247560","SIDNEY, MT US","1995-08","549","0","0","42","0","0.0","0.49","105","17","1.30","0.0","71.9","89.2","54.5"
"USC00247560","SIDNEY, MT US","1995-09","573","0","0","19","0","0.0","0.26","91","260","0.47","0.0","57.6","74.7","40.6"
"USC00247560","SIDNEY, MT US","1995-10","573","0","0","18","0","0.0","0.46","85","842","1.48","0.0","46.2","59.3","33.2"
"USC00247560","SIDNEY, MT US","1995-11","573","0","1","-1","0","2.0","0.16","60","1834","0.33","2.1","27.7","39.2","16.1"
"USC00247560","SIDNEY, MT US","1995-12","573","21","2","-17","5","3.0","0.22","56","3364","0.41","6.2","15.6","26.7","4.6"
"USC00247560","SIDNEY, MT US","1996-01","0","31","2","-34","8","1.0","0.21","52","5053","0.57","2.7","6.6","17.3","-4.1"
"USC00247560","SIDNEY, MT US","1996-02","0","8","2","-33","7","1.5","0.12","58","6232","0.21","3.2","23.1","34.7","11.4"
"USC00247560","SIDNEY, MT US","1996-03","0","20","5","-23","6","3.5","0.23","67","7565","0.80","9.0","22.0","34.9","9.1"
"USC00247560","SIDNEY, MT US","1996-04","0","4","2","12","4","2.0","0.22","80","8214","0.77","3.0","43.4","57.4","29.4"
"USC00247560","SIDNEY, MT US","1996-05","0","0","0","27","0","0.0","0.77","78","8617","2.91","0.0","52.0","64.5","39.5"
"USC00247560","SIDNEY, MT US","1996-06","111","0","0","38","0","0.0","0.92","98","8668","2.71","0.0","67.0","81.9","52.1"
"USC00247560","SIDNEY, MT US","1996-07","268","0","0","42","0","0.0","0.75","95","11","1.12","0.0","69.7","85.8","53.6"
"USC00247560","SIDNEY, MT US","1996-08","470","0","0","41","0","0.0","0.31","100","17","0.73","0.0","71.3","90.9","51.7"
"USC00247560","SIDNEY, MT US","1996-09","497","0","0","29","0","0.0","1.30","95","271","2.21","0.0","57.0","72.1","41.9"
"USC00247560","SIDNEY, MT US","1996-10","497","6","2","8","6","3.0","0.61","79","905","1.18","6.0","43.9","58.4","29.4"
"USC00247560","SIDNEY, MT US","1996-11","497","16","4","-24","14","7.5","0.51","58","2319","1.30","20.1","17.9","28.0","7.7"
"USC00247560","SIDNEY, MT US","1996-12","497","31","7","-35","14","3.0","0.15","43","4077","0.72","11.5","8.3","19.3","-2.8"
"USC00247560","SIDNEY, MT US","1997-01","0","29","3","-36","15","1.5","0.09","45","5836","0.26","4.0","6.0","19.8","-7.8"
"USC00247560","SIDNEY, MT US","1997-02","0","28","1","-5","13","1.0","0.12","46","6999","0.14","1.2","23.4","34.1","12.8"
"USC00247560","SIDNEY, MT US","1997-03","0","19","4","-13","9","1.5","0.10","77","8065","0.56","5.7","30.6","44.7","16.6"
"USC00247560","SIDNEY, MT US","1997-04","0","5","1","2","3","3.0","0.80","78","8749","1.81","3.0","41.4","56.1","26.8"
"USC00247560","SIDNEY, MT US","1997-05","12","0","0","23","0","0.0","0.27","92","9075","0.80","0.0","54.9","72.3","37.5"
"USC00247560","SIDNEY, MT US","1997-06","161","0","0","42","0","0.0","0.99","94","9089","1.70","0.0","69.5","87.4","51.6"
"USC00247560","SIDNEY, MT US","1997-07","303","0","0","39","0","0.0","2.15","94","21","5.72","0.0","68.7","84.9","52.5"
"USC00247560","SIDNEY, MT US","1997-08","455","0","0","34","0","0.0","1.84","95","50","2.05","0.0","69.2","86.5","51.8"
"USC00247560","SIDNEY, MT US","1997-09","499","0","0","28","0","0.0","0.12","89","132","0.27","0.0","63.7","80.5","47.0"
"USC00247560","SIDNEY, MT US","1997-10","511","0","0","10","0","0.5","0.63","91","663","0.76","0.5","48.3","62.4","34.1"
"USC00247560","SIDNEY, MT US","1997-11","511","4","1","4","4","4.0","0.23","61","1644","0.27","4.0","31.0","41.8","20.2"
"USC00247560","SIDNEY, MT US","1997-12","511","0","0","2","0","0.0","0.00","57","2711","0.00","0.0","29.3","40.1","18.5"
"USC00247560","SIDNEY, MT US","1998-01","0","30","2","-25","3","3.0","0.15","53","4132","0.30","4.8","15.4","26.0","4.8"
"USC00247560","SIDNEY, MT US","1998-02","0","7","4","11","16","6.0","0.83","56","5012","1.66","15.7","33.6","42.8","24.3"
"USC00247560","SIDNEY, MT US","1998-03","0","25","0","-28","14","0.5","0.12","61","6214","0.33","1.5","25.2","35.7","14.7"
"USC00247560","SIDNEY, MT US","1998-04","2","0","0","24","0","0.0","0.03","86","6656","0.07","0.0","50.3","66.0","34.6"
"USC00247560","SIDNEY, MT US","1998-05","30","0","0","25","0","0.0","0.50","90","6841","1.55","0.0","59.9","75.9","43.9"
"USC00247560","SIDNEY, MT US","1998-06","61","0","0","31","0","0.0","1.00","91","6974","2.80","0.0","61.6","74.6","48.6"
"USC00247560","SIDNEY, MT US","1998-07","334","0","0","48","0","0.0","1.21","100","1","1.52","0.0","73.8","88.8","58.7"
"USC00247560","SIDNEY, MT US","1998-08","587","0","0","48","0","0.0","0.74","98","1","2.47","0.0","73.4","89.5","57.4"
"USC00247560","SIDNEY, MT US","1998-09","704","0","0","32","0","0.0","0.73","99","110","0.96","0.0","65.3","82.9","47.7"
"USC00247560","SIDNEY, MT US","1998-10","704",,"0","24",,"0.0","1.36","78","606","3.92","0.0","47.7","60.3","35.1"
"USC00247560","SIDNEY, MT US","1998-11","704","13","3","7","6","6.0","0.63","57","1547","1.33","12.5","33.6","42.0","25.2"
"USC00247560","SIDNEY, MT US","1998-12","704","12","2","-15","6","3.0","0.25","61","2794","0.57","7.1","23.2","33.4","13.0"
"USC00247560","SIDNEY, MT US","1999-01","0","31","8","-23","12","2.5","0.22","45","4326","0.94","13.1","13.7","25.3","2.0"
"USC00247560","SIDNEY, MT US","1999-02","0","28","2","0","10","2.5","0.16","56","5316","0.29","3.9","29.6","39.3","20.0"
"USC00247560","SIDNEY, MT US","1999-03","0","0","1","18","0","1.5","0.04","81","6128","0.06","1.5","38.8","52.3","25.3"
"USC00247560","SIDNEY, MT US","1999-04","0","1","1","8","2","3.5","0.22","76","6656","0.50","3.7","46.1","60.4","31.8"
"USC00247560","SIDNEY, MT US","1999-05","16","0","0","32","0","0.0","0.77","89","6924","2.62","0.0","56.7","69.1","44.3"
"USC00247560","SIDNEY, MT US","1999-06","65","0","0","40","0","0.0","0.96","88","7006","4.30","0.0","63.9","76.3","51.5"
"USC00247560","SIDNEY, MT US","1999-07","229","0","0","46","0","0.0","1.34","98","16","3.05","0.0","69.8","84.5","55.1"
"USC00247560","SIDNEY, MT US","1999-08","426","0","0","48","0","0.0","0.26","94","24","0.72","0.0","71.1","85.8","56.4"
"USC00247560","SIDNEY, MT US","1999-09","437","0","0","29","0","0.0","0.43","91","305","1.38","0.0","56.0","70.9","41.1"
"USC00247560","SIDNEY, MT US","1999-10","437","0","0","19","0","0.0","0.14","76","834","0.17","0.0","47.9","62.5","33.4"
"USC00247560","SIDNEY, MT US","1999-11","437","0","1","15","0","1.0","0.05","77","1543","0.07","1.0","41.4","54.8","27.9"
"USC00247560","SIDNEY, MT US","1999-12","437","14","2","-9","4","2.0","0.16","53","2598","0.41","5.0","30.0","39.8","20.2"
"USC00247560","SIDNEY, MT US","2000-01","0","30","2","-21","4","2.0","0.13","44","4019","0.25","4.6","19.1","30.2","8.1"
"USC00247560","SIDNEY, MT US","2000-02","0","13","2","-10","5","3.0","0.23","59","5146","0.43","5.4","25.0","36.9","13.0"
"USC00247560","SIDNEY, MT US","2000-03","0","2","1","4","1","1.0","0.09","73","5916","0.21","1.5","39.4","53.5","25.2"
"USC00247560","SIDNEY, MT US","2000-04","0","2","1","17","5","7.0","0.40","79","6475","0.84","7.0","46.4","61.1","31.6"
"USC00247560","SIDNEY, MT US","2000-05","20","0","0","28","0","0.0","0.42","89","6666","1.54","0.0","59.5","73.7","45.2"
"USC00247560","SIDNEY, MT US","2000-06","57","0","0","35","0","0.0","0.82","93","6773","2.02","0.0","62.7","76.2","49.1"
"USC00247560","SIDNEY, MT US","2000-07","323","0","0","50","0","0.0","0.60","102","5","3.26","0.0","73.8","87.8","59.8"
"USC00247560","SIDNEY, MT US","2000-08","534","0","0","42","0","0.0","0.59","98","19","0.87","0.0","71.5","87.4","55.6"
"USC00247560","SIDNEY, MT US","2000-09","572","0","0","29","0","0.0","0.48","92","193","1.13","0.0","60.5","74.8","46.1"
"USC00247560","SIDNEY, MT US","2000-10","572","0","0","12","0","0.0","0.25","79","672","0.61","0.0","49.6","63.4","35.8"
"USC00247560","SIDNEY, MT US","2000-11","572","25","5","-11","8","4.0","1.60","53","1961","2.62","12.3","20.5","28.6","12.5"
"USC00247560","SIDNEY, MT US","2000-12","572","31","4","-18","10","2.0","0.13","41","3684","0.62","6.7","9.4","19.5","-0.7"
"USC00247560","SIDNEY, MT US","2001-01","0","27","1","-4","7","2.0","0.16","46","4957","0.19","2.4","24.0","32.1","15.8"
"USC00247560","SIDNEY, MT US","2001-02","0","27","2","-19","3","1.0","0.07","42","6406","0.19","3.0","13.3","23.8","2.7"
"USC00247560","SIDNEY, MT US","2001-03","0","3","1","9","1","1.0","0.07","56","7344","0.07","1.0","34.7","45.0","24.5"
"USC00247560","SIDNEY, MT US","2001-04","16","0","2","17","0","3.0","0.68","93","7904","1.77","4.0","46.9","60.6","33.2"
"USC00247560","SIDNEY, MT US","2001-05","46","0","0","30","0","0.0","0.30","97","8082","0.44","0.0","59.6","75.0","44.2"
"USC00247560","SIDNEY, MT US","2001-06","128","0","0","39","0","0.0","2.33","91","8179","5.49","0.0","64.5","76.2","52.8"
"USC00247560","SIDNEY, MT US","2001-07","358","0","0","50","0","0.0","1.87","95","6","5.01","0.0","72.2","85.3","59.2"
"USC00247560","SIDNEY, MT US","2001-08","616","0","0","44","0","0.0","0.08","101","14","0.08","0.0","73.1","89.5","56.6"
"USC00247560","SIDNEY, MT US","2001-09","675","0","0","35","0","0.0","0.51","93","173","1.16","0.0","61.7","76.0","47.4"
"USC00247560","SIDNEY, MT US","2001-10","675","1","1","18","1","1.0","0.13","83","760","0.44","1.0","46.1","59.3","32.8"
"USC00247560","SIDNEY, MT US","2001-11","675","0","0","6","0","0.0","0.05","67","1540","0.06","0.0","39.0","51.9","26.1"
"USC00247560","SIDNEY, MT US","2001-12","675","27","1","-9","5","5.0","0.40","51","2931","0.44","5.8","20.2","31.5","8.8"
"USC00247560","SIDNEY, MT US","2002-01","0","11","0","-12","3","0.5","0.09","61","4241","0.24","0.6","22.7","31.7","13.7"
"USC00247560","SIDNEY, MT US","2002-02","0","5","2","-6","1","1.0","0.34","66","5225","0.50","2.6","29.8","42.2","17.5"
"USC00247560","SIDNEY, MT US","2002-03","0","21","6","-23","9","3.5","0.24","48","6703","0.80","14.5","17.3","27.4","7.3"
"USC00247560","SIDNEY, MT US","2002-04","0","0","1","3","0","1.0","0.36","77","7405","0.80","1.0","41.6","54.8","28.4"
"USC00247560","SIDNEY, MT US","2002-05","31","4","3","21","7","8.0","0.72","87","7753","1.61","13.0","53.7","68.3","39.2"
"USC00247560","SIDNEY, MT US","2002-06","154","0","0","41","0","0.0","0.86","98","7824","3.19","0.0","66.8","80.2","53.3"
"USC00247560","SIDNEY, MT US","2002-07","484","0","0","49","0","0.0","0.76","104","0","1.81","0.0","75.6","90.2","61.1"
"USC00247560","SIDNEY, MT US","2002-08","597","0","0","42","0","0.0","0.41","94","40","1.32","0.0","67.5","81.3","53.6"
"USC00247560","SIDNEY, MT US","2002-09","658","0","0","29","0","0.0","0.36","96","201","0.61","0.0","61.7","77.6","45.7"
"USC00247560","SIDNEY, MT US","2002-10","658","8","0","2","6","0.8","0.34","75","1031","0.76","1.3","38.2","49.2","27.2"
"USC00247560","SIDNEY, MT US","2002-11","658","1","0","6","1","0.1","0.02","64","1907","0.06","0.1","35.8","46.6","25.0"
"USC00247560","SIDNEY, MT US","2002-12","658","14","1","-6","2","2.0","0.22","55","3096","0.40","2.4","26.7","36.3","17.0"
"USC00247560","SIDNEY, MT US","2003-01","0","20","3","-21","5","1.8","0.10","51","4552","0.47","6.5","18.0","27.9","8.1"
"USC00247560","SIDNEY, MT US","2003-02","0","18","1","-23","2","1.5","0.08","47","5854","0.16","3.5","18.5","29.8","7.2"
"USC00247560","SIDNEY, MT US","2003-03","0","13","5","-20","8","2.0","1.48","74","6998","2.37","7.0","28.1","40.4","15.8"
"USC00247560","SIDNEY, MT US","2003-04","0","0","1","18","0","2.0","0.29","83","7432","0.55","2.0","50.5","64.6","36.4"
"USC00247560","SIDNEY, MT US","2003-05","35","0","0","29","0","0.0","0.75","90","7709","2.73","0.0","57.2","69.9","44.5"
"USC00247560","SIDNEY, MT US","2003-06","97","0","0","42","0","0.0","0.53","92","7812","2.20","0.0","63.6","75.7","51.5"
"USC00247560","SIDNEY, MT US","2003-07","370","0","0","47","0","0.0","0.72","100","2","2.01","0.0","73.7","89.0","58.5"
"USC00247560","SIDNEY, MT US","2003-08","695","0","0","45","0","0.0","0.51","100","12","0.85","0.0","75.1","90.1","60.2"
"USC00247560","SIDNEY, MT US","2003-09","756","0","0","23","0","0.0","0.20","96","258","0.48","0.0","58.9","74.2","43.5"
"USC00247560","SIDNEY, MT US","2003-10","764","3","2","12","4","3.0","0.49","85","668","1.08","4.0","52.0","66.6","37.5"
"USC00247560","SIDNEY, MT US","2003-11","764","30","3","-10","7","3.0","0.12","49","1966","0.39","6.4","21.7","31.7","11.7"
"USC00247560","SIDNEY, MT US","2003-12","764","17","4","-11","9","4.0","0.42","48","3161","0.78","11.1","24.9","34.2","15.6"
"USC00247560","SIDNEY, MT US","2004-01","0","31","8","-27","18","4.0","0.33","40","4828","1.20","18.3","9.4","17.9","0.9"
"USC00247560","SIDNEY, MT US","2004-02","0","29","1","-27","21","2.5","0.20","43","6194","0.20","2.8","17.9","28.0","7.8"
"USC00247560","SIDNEY, MT US","2004-03","0","14","1","7","11","2.0","0.10","79","6998","0.21","2.1","38.1","50.6","25.7"
"USC00247560","SIDNEY, MT US","2004-04","0","0","0","20","0","0.0","0.14","84","7481","0.30","0.0","48.4","64.7","32.1"
"USC00247560","SIDNEY, MT US","2004-05","4","0","0","24","0","0.0","0.47","83","7822","2.10","0.0","54.1","67.9","40.4"
"USC00247560","SIDNEY, MT US","2004-06","43","0","0","36","0","0.0","1.37","91","7971","1.77","0.0","61.3","74.6","48.0"
"USC00247560","SIDNEY, MT US","2004-07","252","0","0","43","0","0.0","0.53","98","24","1.22","0.0","71.0","85.7","56.3"
"USC00247560","SIDNEY, MT US","2004-08","330","0","0","41","0","0.0","0.30","89","68","1.09","0.0","66.1","80.5","51.7"
"USC00247560","SIDNEY, MT US","2004-09","377","0","0","35","0","0.0","0.36","99","230","1.17","0.0","61.2","76.6","45.8"
"USC00247560","SIDNEY, MT US","2004-10","377","0","0","20","0","0.0","0.57","83","796","1.45","0.0","46.7","59.6","33.9"
"USC00247560","SIDNEY, MT US","2004-11","377","0","0","12","0","0.0","0.01","63","1641","0.01","0.0","35.8","47.4","24.2"
"USC00247560","SIDNEY, MT US","2004-12","377","12","2","-19","6","5.0","0.33","62","2818","0.55","7.9","25.9","36.1","15.8"
"USC00247560","SIDNEY, MT US","2005-01","0","29","2","-35","10","5.0","0.31","49","4508","0.43","6.6","10.5","20.7","0.2"
"USC00247560","SIDNEY, MT US","2005-02","0","0","0","-3","0","0.0","0.00","57","5515","0.00","0.0","29.0","41.2","16.9"
"USC00247560","SIDNEY, MT US","2005-03","0","4","5","10","6","4.0","0.21","73","6402","0.85","12.8","35.6","47.0","24.2"
"USC00247560","SIDNEY, MT US","2005-04","4","0","0","25","0","0.0","0.00","87","6805","0.00","0.0","51.7","67.1","36.3"
"USC00247560","SIDNEY, MT US","2005-05","6","1","1","16","1","3.0","1.09","82","7137","3.30","3.0","54.4","67.1","41.6"
"USC00247560","SIDNEY, MT US","2005-06","106","0","0","44","0","0.0","0.78","96","7193","4.35","0.0","66.5","77.8","55.2"
"USC00247560","SIDNEY, MT US","2005-07","368","0","0","47","0","0.0","0.65","99","5","1.55","0.0","73.3","88.1","58.4"
"USC00247560","SIDNEY, MT US","2005-08","547","0","0","41","0","0.0","0.37","98","36","0.85","0.0","69.8","86.1","53.4"
"USC00247560","SIDNEY, MT US","2005-09","611","0","0","31","0","0.0","0.04","98","198","0.12","0.0","61.7","78.0","45.4"
"USC00247560","SIDNEY, MT US","2005-10","619","2","0","19","7","0.0","1.22","89","737","2.23","0.0","47.9","60.1","35.6"
"USC00247560","SIDNEY, MT US","2005-11","619","5","1","1","2","2.0","0.42","63","1589","0.90","2.0","36.6","44.8","28.4"
"USC00247560","SIDNEY, MT US","2005-12","619","22","3","-14","3","2.0","0.10","46","2979","0.47","6.4","20.2","27.1","13.2"
"USC00247560","SIDNEY, MT US","2006-01","0","5","2","8","2","1.0","0.12","52","4013","0.21","2.1","31.6","40.2","23.1"
"USC00247560","SIDNEY, MT US","2006-02","0","5","1","-20","7","7.5","0.48","50","5140","0.55","7.8","23.1","33.5","12.7"
"USC00247560","SIDNEY, MT US","2006-03","0","7","0","2","3","0.5","0.78","66","6178","0.92","1.5","31.5","41.4","21.6"
"USC00247560","SIDNEY, MT US","2006-04","0","0","0","23","0","0.0","2.05","81","6565","3.69","0.0","51.4","66.7","36.2"
"USC00247560","SIDNEY, MT US","2006-05","49","0","0","28","0","0.0","0.33","95","6778","1.47","0.0","59.5","73.8","45.1"
"USC00247560","SIDNEY, MT US","2006-06","134","0","0","48","0","0.0","0.65","97","6806","1.72","0.0","67.1","80.5","53.7"
"USC00247560","SIDNEY, MT US","2006-07","489","0","0","52","0","0.0","0.50","99","0","0.91","0.0","76.4","92.7","60.2"
"USC00247560","SIDNEY, MT US","2006-09",,"0","0","29","0","0.0","0.95","88",,"2.53","0.0","57.7","71.6","43.7"
"USC00247560","SIDNEY, MT US","2006-10",,"3","2","10","1","1.5","0.25","78",,"0.72","3.0","41.6","53.7","29.6"
"USC00247560","SIDNEY, MT US","2006-11",,"3","2","-7","2","1.0","0.05","69",,"0.14","2.3","32.1","42.9","21.2"
"USC00247560","SIDNEY, MT US","2006-12",,"14","3","-16","5","3.0","0.20","46",,"0.42","6.5","24.9","35.2","14.7"
"USC00247560","SIDNEY, MT US","2007-01","0","24","1","-15","4","1.0","0.04","51",,"0.10","1.4","22.5","33.5","11.5"
"USC00247560","SIDNEY, MT US","2007-02","0","22","3","-21","5","5.0","0.33","51",,"0.74","11.7","16.1","25.2","6.9"
"USC00247560","SIDNEY, MT US","2007-03","0","8","1","0","6","2.0","0.43","78",,"0.83","2.0","41.1","54.4","27.7"
"USC00247560","SIDNEY, MT US","2007-04","0","2","3","13","1","3.0","0.32","84",,"0.96","6.1","44.2","57.7","30.7"
"USC00247560","SIDNEY, MT US","2007-05","19","0","0","34","0","0.0","1.03","88",,"5.24","0.0","59.0","72.6","45.5"
"USC00247560","SIDNEY, MT US","2007-06","130","0","0","44","0","0.0","1.78","94",,"3.04","0.0","67.5","81.2","53.8"
"USC00247560","SIDNEY, MT US","2007-07","519","0","0","48","0","0.0","0.52","107","1","0.98","0.0","77.5","93.0","62.0"
"USC00247560","SIDNEY, MT US","2007-08","740","0","0","41","0","0.0","0.15","101","19","0.22","0.0","71.5","87.4","55.7"
"USC00247560","SIDNEY, MT US","2007-09","804","0","0","26","0","0.0","0.27","96","202","0.84","0.0","61.1","76.8","45.3"
"USC00247560","SIDNEY, MT US","2007-10","804","0","0","22","0","0.0","0.76","79","690","1.21","0.0","49.3","62.3","36.2"
"USC00247560","SIDNEY, MT US","2007-11","804","2","0","-8","1","0.5","0.02","62","1616","0.07","0.5","34.1","45.4","22.8"
"USC00247560","SIDNEY, MT US","2007-12","804","0","0","-10","0","0.2","0.02","48","3013","0.06","0.3","19.9","31.6","8.3"
"USC00247560","SIDNEY, MT US","2008-01","0","11","0","-23","1","0.8","0.04","49","4534","0.19","2.7","15.9","29.3","2.6"
"USC00247560","SIDNEY, MT US","2008-02","0","15","1","-13","2","1.5","0.03","48","5834","0.11","2.8","20.2","32.9","7.4"
"USC00247560","SIDNEY, MT US","2008-03","0","0","2","-5","0","1.0","0.07","67","6780","0.19","2.3","34.5","49.0","20.0"
"USC00247560","SIDNEY, MT US","2008-04","2","0","0","15","0","0.3","0.11","83","7378","0.29","0.5","45.1","61.0","29.2"
"USC00247560","SIDNEY, MT US","2008-05","15","0","0","29","0","0.0","0.28","88","7629","1.42","0.0","57.3","71.0","43.6"
"USC00247560","SIDNEY, MT US","2008-06","77","0","0","40","0","0.0","0.72","96","7724","1.56","0.0","63.8","77.2","50.3"
"USC00247560","SIDNEY, MT US","2008-07","329","0","0","48","0","0.0","0.27","97","1","0.87","0.0","73.4","89.3","57.5"
"USC00247560","SIDNEY, MT US","2008-08","576","0","0","43","0","0.0","0.42","100","15","1.10","0.0","72.5","88.3","56.7"
"USC00247560","SIDNEY, MT US","2008-09","592","0","0","33","0","0.0","0.30","89","204","1.09","0.0","59.3","74.4","44.1"
"USC00247560","SIDNEY, MT US","2008-10","596","2","1","17","4","7.0","0.88","80","761","1.62","7.0","47.2","60.1","34.2"
"USC00247560","SIDNEY, MT US","2008-11","596","0","0","14","0","0.2","0.40","71","1646","0.60","0.2","35.5","45.2","25.8"
"USC00247560","SIDNEY, MT US","2008-12","596","21","8","-25","13","7.0","0.48","50","3319","1.35","19.8","11.0","21.4","0.6"
"USC00247560","SIDNEY, MT US","2009-01","0","31","1","-27","12","1.0","0.17","44","4892","0.30","3.1","14.3","25.3","3.2"
"USC00247560","SIDNEY, MT US","2009-02","0","28","1","-9","10","3.0","0.08","45","6210","0.15","4.7","17.9","27.0","8.9"
"USC00247560","SIDNEY, MT US","2009-03","0","14","0","-15","10","0.8","0.10","66","7254","0.22","1.0","30.1","42.6","17.5"
"USC00247560","SIDNEY, MT US","2009-04","0","0","0","15","0","0.0","0.68","81","7822","1.35","0.0","45.4","58.8","32.1"
"USC00247560","SIDNEY, MT US","2009-05","10","0","0","23","0","0.0","0.11","87","8116","0.39","0.0","55.8","71.8","39.9"
"USC00247560","SIDNEY, MT US","2009-06","93","0","0","36","0","0.0","0.54","95","8244","1.34","0.0","63.5","78.0","48.9"
"USC00247560","SIDNEY, MT US","2009-07","196","0","0","46","0","0.0","2.74","93","22","5.89","0.0","67.7","81.0","54.4"
"USC00247560","SIDNEY, MT US","2009-08","312","0","0","44","0","0.0","0.66","95","64","1.50","0.0","67.4","81.5","53.3"
"USC00247560","SIDNEY, MT US","2009-09","418","0","0","35","0","0.0","0.17","96","123","0.44","0.0","66.6","83.6","49.6"
"USC00247560","SIDNEY, MT US","2009-10","418","0","0","19","0","0.0","0.81","73","882","2.19","0.0","40.5","48.4","32.6"
"USC00247560","SIDNEY, MT US","2009-11","418","0","0","13","0","0.0","0.02","72","1678","0.02","0.0","38.4","51.5","25.4"
"USC00247560","SIDNEY, MT US","2009-12","418","24","6","-25","12","6.0","0.29","45","3359","0.83","15.6","9.1","17.5","0.8"
"USC00247560","SIDNEY, MT US","2010-01","0","31","5","-31","15","3.0","0.22","42","4943","0.78","9.2","13.9","22.0","5.8"
"USC00247560","SIDNEY, MT US","2010-02","0","28","2","-20","15","3.0","0.25","32","6442","0.35","5.8","11.5","20.6","2.4"
"USC00247560","SIDNEY, MT US","2010-03","0","20","2","10","13","1.0","0.11","73","7359","0.29","2.1","35.4","45.6","25.2"
"USC00247560","SIDNEY, MT US","2010-04","0","0","0","22","0","0.0","0.27","76","7847","0.83","0.0","48.7","63.5","34.0"
"USC00247560","SIDNEY, MT US","2010-05","12","0","1","27","0","1.0","1.23","86","8220","5.49","1.0","53.4","65.7","41.0"
"USC00247560","SIDNEY, MT US","2010-06","85","0","0","45","0","0.0","0.75","90","8300","3.17","0.0","64.8","76.7","52.9"
"USC00247560","SIDNEY, MT US","2010-07","248","0","0","48","0","0.0","0.88","93","6","2.60","0.0","70.3","84.8","55.9"
"USC00247560","SIDNEY, MT US","2010-08","439","0","0","44","0","0.0","0.70","98","22","2.00","0.0","71.0","85.5","56.4"
"USC00247560","SIDNEY, MT US","2010-09","451","0","0","33","0","0.0","1.35","87","242","2.37","0.0","58.0","70.9","45.2"
"USC00247560","SIDNEY, MT US","2010-10","451","0","1","11","0","3.0","0.37","82","685","0.84","3.0","50.7","65.7","35.7"
"USC00247560","SIDNEY, MT US","2010-11","451",,"0","-11",,"0.0","0.66","70","1759","1.67","0.0","29.2","38.5","19.9"
"USC00247560","SIDNEY, MT US","2010-12","451",,"8","-17",,"7.0","0.40","41","3421","1.21","20.7","11.4","20.7","2.0"
"USC00247560","SIDNEY, MT US","2011-01","0","31",,"-25","23",,"0.23","44","5043","1.34",,"12.7","22.3","3.1"
"USC00247560","SIDNEY, MT US","2011-02","0","28",,"-31","23",,"0.25","47","6486","0.60",,"13.5","23.4","3.5"
"USC00247560","SIDNEY, MT US","2011-03","0","31",,"-15","19",,"0.70","49","7764","1.22",,"23.8","33.4","14.2"
"USC00247560","SIDNEY, MT US","2011-04","0",,,"25",,,"1.60","71","8387","2.92",,"43.5","55.4","31.6"
"USC00247560","SIDNEY, MT US","2011-05","0",,,"27",,,"2.42","72","8737","5.98",,"53.7","64.0","43.4"
"USC00247560","SIDNEY, MT US","2011-06","57",,,"38",,,"0.40","97","8807","1.51",,"64.6","77.1","52.0"
"USC00247560","SIDNEY, MT US","2011-07","288",,,"49",,,"1.38","96","0","2.84",,"72.5","86.0","58.9"
"USC00247560","SIDNEY, MT US","2011-08","488",,,"46",,,"0.40","96","4","0.70",,"71.7","86.7","56.6"
"USC00247560","SIDNEY, MT US","2011-09","531",,,"31",,,"0.61","91","131","0.95",,"62.2","79.4","45.0"
"USC00247560","SIDNEY, MT US","2011-10","556",,,"24",,,"0.30","89","580","0.49",,"51.3","64.8","37.8"
"USC00247560","SIDNEY, MT US","2011-11","556",,,"-6",,,"0.20","58","1549","0.35",,"32.7","44.5","20.9"
"USC00247560","SIDNEY, MT US","2011-12","556","24",,"-8","2",,"0.05","55","2714","0.10",,"27.4","37.0","17.9"
"USC00247560","SIDNEY, MT US","2012-01","0",,,"-16",,,"0.03","61","3926","0.11",,"25.9","36.7","15.1"
"USC00247560","SIDNEY, MT US","2012-02","0",,,"-12",,,"0.10","49","5051","0.21",,"24.8","36.8","12.9"
"USC00247560","SIDNEY, MT US","2012-03","0",,,"4",,,"0.02","79","5600","0.05",,"46.1","63.5","28.7"
"USC00247560","SIDNEY, MT US","2012-04","6",,,"15",,,"0.60","91","6012","1.54",,"50.5","66.0","34.9"
"USC00247560","SIDNEY, MT US","2012-05","11",,,"31",,,"0.25","87","6324","0.74",,"54.8","69.1","40.6"
"USC00247560","SIDNEY, MT US","2012-06","55",,,"32",,,,"92","6443",,,"62.5","76.7","48.3"
"USC00247560","SIDNEY, MT US","2012-07","256",,,"43",,,"0.95","100","7","2.75",,"71.8","88.1","55.4"
"USC00247560","SIDNEY, MT US","2012-08","395",,,"42",,,"0.40","100","38","0.90",,"68.8","84.8","52.8"
"USC00247560","SIDNEY, MT US","2012-09","417",,,"31",,,"0.07","91","247","0.07",,"58.7","76.2","41.3"
"USC00247560","SIDNEY, MT US","2012-10","417",,,"20",,,,"73","971","2.24",,"41.7","51.7","31.7"
"USC00247560","SIDNEY, MT US","2012-11","417",,,"0",,,,"53","1985","0.27",,"28.8","37.1","20.5"
"USC00247560","SIDNEY, MT US","2012-12","417",,,"-18",,,"0.27","50","3478","0.48",,"16.8","25.6","8.0"
"USC00247560","SIDNEY, MT US","2013-01","0",,,"-18",,,,"42","4903","0.39",,"17.5","26.4","8.7"
"USC00247560","SIDNEY, MT US","2013-02","0",,,"-7",,,,"46","5973","0.07",,"26.8","35.3","18.2"
"USC00247560","SIDNEY, MT US","2013-03","0",,,"-4",,,,"57","7202","1.08",,"25.4","35.4","15.3"
"USC00247560","SIDNEY, MT US","2013-04","0",,,"9",,,"0.78","77","8010","0.98",,"38.1","49.5","26.7"
"USC00247560","SIDNEY, MT US","2013-05","16",,,"23",,,,"91","8271","6.25",,"57.1","70.4","43.8"
"USC00247560","SIDNEY, MT US","2013-06","61",,,"36",,,,"87","8350","4.38",,"63.6","76.0","51.2"
"USC00247560","SIDNEY, MT US","2013-07","220",,,"46",,,,"95","10","1.00",,"70.3","83.5","57.2"
"USC00247560","SIDNEY, MT US","2013-08","390",,,"46",,,"1.61","94","20","4.54",,"70.4","84.2","56.7"
"USC00247560","SIDNEY, MT US","2013-09","492",,,"36",,,"0.25","94","131","0.57",,"64.7","78.5","50.9"
"USC00247560","SIDNEY, MT US","2013-10","492",,,"23",,,"0.42","77","761","1.33",,"44.7","56.3","33.1"
"USC00247560","SIDNEY, MT US","2013-11","492",,,"-18",,,"0.60","57","1826","0.64",,"28.3","39.2","17.4"
"USC00247560","SIDNEY, MT US","2013-12","492",,,"-28",,,"0.18","43","3508","0.48",,"10.7","20.1","1.3"
"USC00247560","SIDNEY, MT US","2014-01","0","21",,"-19","10",,"0.02","50","4937","0.04",,"18.9","29.4","8.4"
"USC00247560","SIDNEY, MT US","2014-02","0","6",,"-13","1",,"0.06","49","6369","0.12",,"13.9","24.9","2.8"
"USC00247560","SIDNEY, MT US","2014-03","0",,,"-20",,,"0.22","65","7454","0.61",,"29.1","41.1","17.1"
"USC00247560","SIDNEY, MT US","2014-04","0",,,"6",,,,"72","8101","1.60",,"42.7","55.4","29.9"
"USC00247560","SIDNEY, MT US","2014-05","32",,,"29",,,,"89","8411","3.09",,"56.0","69.7","42.3"
"USC00247560","SIDNEY, MT US","2014-06",,,,,,,"0.31",,,"0.69",,,,
"USC00247560","SIDNEY, MT US","2014-07",,,,,,,,,,"0.68",,,,
"USC00247560","SIDNEY, MT US","2014-08",,,,,,,,,,"5.10",,,,
"USC00247560","SIDNEY, MT US","2014-10",,,,"20",,,,"76",,"1.02",,"49.1","62.3","35.9"
"USC00247560","SIDNEY, MT US","2014-11",,,,,,,,,,"0.39",,,,
"USC00247560","SIDNEY, MT US","2014-12",,"31",,"-12","8",,"0.25","49",,"0.25",,"23.2","31.6","14.8"
"USC00247560","SIDNEY, MT US","2015-01","0","25",,"-21","12",,"0.60","54",,"0.86",,"21.3","30.1","12.5"
"USC00247560","SIDNEY, MT US","2015-02","0","8",,"-16","5",,"0.15","47",,"0.19",,"18.6","29.2","7.9"
"USC00247560","SIDNEY, MT US","2015-03","0",,,"-7",,,"0.23","80",,"0.39",,"40.9","55.0","26.8"
"USC00247560","SIDNEY, MT US","2015-04","0",,,"19",,,"0.25","79",,"0.39",,"48.2","63.4","33.0"
"USC00247560","SIDNEY, MT US","2015-05","1",,,"27",,,"0.65","82",,"1.51",,"53.8","68.7","39.0"
"USC00247560","SIDNEY, MT US","2015-06","112",,,"43",,,"2.25","94",,"4.36",,"67.7","81.9","53.4"
"USC00247560","SIDNEY, MT US","2015-07","330",,,"51",,,"0.60","96","1","3.56",,"72.2","87.0","57.4"
"USC00247560","SIDNEY, MT US","2015-09",,,,"34",,,"1.45","99",,"3.04",,"62.4","78.1","46.8"
"USC00247560","SIDNEY, MT US","2015-10",,,,"26",,,"0.21","87",,"0.54",,"50.5","63.8","37.2"
"USC00247560","SIDNEY, MT US","2015-11",,,,,,,"0.29",,,"0.49",,,,
"USC00247560","SIDNEY, MT US","2015-12",,,,"-9",,,"0.11","52",,"0.27",,"23.6","32.3","14.9"
"USC00247560","SIDNEY, MT US","2016-01","0",,,"-14",,,,"47",,"0.20",,"20.6","29.7","11.6"
"USC00247560","SIDNEY, MT US","2016-02","0","3",,"9","2",,"0.18","64",,"0.52",,"32.8","43.4","22.2"
"USC00247560","SIDNEY, MT US","2016-03","0","0","0","12","0","0.9","0.13","72",,"0.28","0.9","40.1","54.1","26.1"
"USC00247560","SIDNEY, MT US","2016-04","0","0","0","13","0","0.0","0.30","80",,"3.15","0.0","45.9","59.3","32.4"
"USC00247560","SIDNEY, MT US","2016-05","14","0","0","29","0","0.0","1.02","89",,"2.10","0.0","57.2","72.1","42.2"
"USC00247560","SIDNEY, MT US","2016-06","100",,,"41",,,,"96",,"1.36",,"67.1","81.7","52.5"
"USC00247560","SIDNEY, MT US","2016-07","274","0","0","50","0","0.0","0.55","97","4","3.00","0.0","70.7","83.6","57.7"
"USC00247560","SIDNEY, MT US","2016-08",,"0","0",,"0","0.0",,,,"1.02","0.0",,,
"USC00247560","SIDNEY, MT US","2016-09",,"0","0",,"0","0.0","0.71",,,"2.93","0.0",,,
"USC00247560","SIDNEY, MT US","2016-10",,"0","0",,"0","0.0","0.29",,,"0.77","0.0",,,
"USC00247560","SIDNEY, MT US","2016-11",,"2","1",,"5","5.0","0.29","61",,"0.45","5.0",,"50.0",
"USC00247560","SIDNEY, MT US","2016-12",,"29","3",,"16","10.0","1.15","38",,"1.36","13.1",,"18.5",
"USC00247560","SIDNEY, MT US","2017-01",,"31","3",,"17","2.0","0.50",,,"0.90","4.4",,,
"USC00247560","SIDNEY, MT US","2017-02",,"24","3","-11","16","2.0","0.13","57",,"0.42","6.2","21.4","30.5","12.3"
"USC00247560","SIDNEY, MT US","2017-03",,"16","3","-7","7","5.0",,"63",,"0.92","12.8","29.9","41.6","18.2"
"USC00247560","SIDNEY, MT US","2017-04",,"0","0","17","0","0.0",,"78",,"0.54","0.0","39.9","53.8","26.0"
"USC00247560","SIDNEY, MT US","2017-05",,"0","0","23","0","0.0","0.60","86",,"1.01","0.0","49.0","63.6","34.4"
"USC00247560","SIDNEY, MT US","2017-06",,"0","0",,"0","0.0","0.90",,,"1.57","0.0",,,
"USC00247560","SIDNEY, MT US","2017-07",,"0","0",,"0","0.0","0.30","103",,"0.63","0.0",,"94.6",
"USC00247560","SIDNEY, MT US","2017-08",,"0","0",,"0","0.0",,"95",,"1.45","0.0",,"84.8",
"USC00247560","SIDNEY, MT US","2017-09",,"0","0","36","0","0.0",,"96",,"1.96","0.0","59.6","73.8","45.5"
"USC00247560","SIDNEY, MT US","2017-10",,"0","0","14","0","0.0","0.82","79",,"1.11","0.0","48.3","62.5","34.1"
"USC00247560","SIDNEY, MT US","2017-11",,"6","2","-3","2","1.0",,"72",,"0.24","2.3","30.2","41.4","19.1"
"USC00247560","SIDNEY, MT US","2017-12",,,"5","-34",,"4.0","0.30","57",,"0.79","10.0","20.1","29.5","10.7"
"USC00247560","SIDNEY, MT US","2018-01","0","28","2","-36","9","4.5","0.28","47",,"0.36","5.7","14.8","25.5","4.2"
"USC00247560","SIDNEY, MT US","2018-02","0","27","4","-24","10","2.5","0.14","43",,"0.42","8.4","7.1","17.7","-3.4"
"USC00247560","SIDNEY, MT US","2018-03","0","27","4","-6","11","6.0","0.39","55",,"1.28","13.1","27.6","37.1","18.2"
"USC00247560","SIDNEY, MT US","2018-04","0","1","1","2","1","1.5","0.33","80",,"0.78","1.5","38.3","51.7","24.9"
"USC00247560","SIDNEY, MT US","2018-05","58","0","0","36","0","0.0","1.20","91",,"3.92","0.0","62.5","76.6","48.3"
"USC00247560","SIDNEY, MT US","2018-06","182","0","0","46","0","0.0",,"93",,"2.93","0.0","68.4","82.0","54.8"
"USC00247560","SIDNEY, MT US","2018-07","398","0","0","48","0","0.0","0.86","95","5","1.84","0.0","71.8","86.4","57.2"
"USC00247560","SIDNEY, MT US","2018-08","612","0","0","42","0","0.0","0.38","107","49","1.09","0.0","70.5","87.1","53.9"
"USC00247560","SIDNEY, MT US","2018-09","638","0","0","26","0","0.0","0.96","91","309","1.40","0.0","57.2","70.8","43.6"
"USC00247560","SIDNEY, MT US","2018-10",,"0","0",,"0","0.0","0.18",,,"0.46","0.0",,,
"USC00247560","SIDNEY, MT US","2018-11",,,,,,,,,,"1.23",,,,
"USC00247560","SIDNEY, MT US","2018-12",,"6","1","-6","5","5.0","0.36","49",,"0.73","5.1","26.3","35.0","17.7"
"USC00247560","SIDNEY, MT US","2019-01","0","28",,"-15","7",,,"46",,"0.52",,"19.7","29.2","10.1"
"USC00247560","SIDNEY, MT US","2019-02","0",,,"-35",,,,"43",,"1.09",,"-3.0","7.0","-13.0"
"USC00247560","SIDNEY, MT US","2019-03","0","20","0","-24","12","0.0","0.00","66",,"0.00","0.0","27.3","39.6","15.1"
"USC00247560","SIDNEY, MT US","2019-04","0","0","0","21","0","0.0",,"81",,"1.30","0.0","47.2","60.2","34.2"
"USC00247560","SIDNEY, MT US","2019-05","9","0","0","28","0","0.0","1.06","84",,"2.05","0.0","52.9","66.2","39.5"
"USC00247560","SIDNEY, MT US","2019-06","100","0","0","43","0","0.0","0.47","90",,"2.05","0.0","66.1","79.4","52.9"
"USC00247560","SIDNEY, MT US","2019-07","291","0","0","48","0","0.0",,"93","9","3.96","0.0","70.9","84.4","57.3"
"USC00247560","SIDNEY, MT US","2019-08","461","0","0","45","0","0.0",,"95","21","1.61","0.0","70.1","84.5","55.8"
"USC00247560","SIDNEY, MT US","2019-09","510","0","0","40","0","0.0",,"94","177","10.27","0.0","61.4","73.3","49.5"
"USC00247560","SIDNEY, MT US","2019-10","510","0","0","11","0","0.0","0.38","76","924","0.73","0.0","40.9","53.4","28.5"
"USC00247560","SIDNEY, MT US","2019-11","510","5","2","-15","3","1.5","0.08","58","1980","0.22","3.3","29.8","39.8","19.8"
"USC00247560","SIDNEY, MT US","2019-12","510","22","1","-11","5","4.0","0.28","51","3263","0.33","5.0","22.2","33.2","11.3"
